ANO_CENSO|PK_COD_MATRICULA|FK_COD_ALUNO|NU_DIA|NU_MES|NU_ANO|NUM_IDADE_REFERENCIA|NUM_IDADE|NU_DUR_ESCOLARIZACAO|NU_DUR_ATIV_COMP_MESMA_REDE|NU_DUR_ATIV_COMP_OUTRAS_REDES|NUM_DUR_AEE_MESMA_REDE|NUM_DUR_AEE_OUTRAS_REDES|TP_SEXO|TP_COR_RACA|TP_NACIONALIDADE|FK_COD_PAIS_ORIGEM|FK_COD_ESTADO_NASC|FK_COD_MUNICIPIO_DNASC|FK_COD_ESTADO_END|FK_COD_MUNICIPIO_END|ID_ZONA_RESIDENCIAL|ID_TIPO_ATENDIMENTO|ID_N_T_E_P|ID_RESPONSAVEL_TRANSPORTE|ID_TRANSP_VANS_KOMBI|ID_TRANSP_MICRO_ONIBUS|ID_TRANSP_ONIBUS|ID_TRANSP_BICICLETA|ID_TRANSP_TR_ANIMAL|ID_TRANSP_OUTRO_VEICULO|ID_TRANSP_EMBAR_ATE5|ID_TRANSP_EMBAR_5A15|ID_TRANSP_EMBAR_15A35|ID_TRANSP_EMBAR_35|ID_TRANSP_TREM_METRO|ID_POSSUI_NEC_ESPECIAL|ID_TIPO_NEC_ESP_CEGUEIRA|ID_TIPO_NEC_ESP_BAIXA_VISAO|ID_TIPO_NEC_ESP_SURDEZ|ID_TIPO_NEC_ESP_DEF_AUDITIVA|ID_TIPO_NEC_ESP_SURDO_CEGUEIRA|ID_TIPO_NEC_ESP_DEF_FISICA|ID_TIPO_NEC_ESP_DEF_MENTAL|ID_TIPO_NEC_ESP_DEF_MULTIPLAS|ID_TIPO_NEC_ESP_AUTISMO|ID_TIPO_NEC_ESP_ASPERGER|ID_TIPO_NEC_ESP_RETT|ID_TIPO_NEC_ESP_TDI|ID_TIPO_NEC_ESP_SUPERDOTACAO|ID_TIPO_REC_ESP_LEDOR|ID_TIPO_REC_ESP_TRANSCRICAO|ID_TIPO_REC_ESP_INTERPRETE|ID_TIPO_REC_ESP_LIBRAS|ID_TIPO_REC_ESP_LABIAL|ID_TIPO_REC_ESP_BRAILLE|ID_TIPO_REC_ESP_AMPLIADA_16|ID_TIPO_REC_ESP_AMPLIADA_20|ID_TIPO_REC_ESP_AMPLIADA_24|ID_TIPO_REC_ESP_NENHUM|ID_INGRESSO_FEDERAIS|FK_COD_MOD_ENSINO|FK_COD_ETAPA_ENSINO|ID_ETAPA_AGREGADA_MAT|PK_COD_TURMA|FK_COD_CURSO_PROF|COD_UNIFICADA|FK_COD_TIPO_TURMA|PK_COD_ENTIDADE|FK_COD_ESTADO_ESCOLA|COD_MUNICIPIO_ESCOLA|FK_CODIGO_DISTRITO|ID_LOCALIZACAO_ESC|ID_DEPENDENCIA_ADM_ESC|DESC_CATA_ESCOLA_PRIV|ID_CONVENIADA_PP_ESC|ID_TIPO_CONVENIO_PODER_PUBLICO|ID_MANT_ESCOLA_PRIVADA_EMP|ID_MANT_ESCOLA_PRIVADA_ONG|ID_MANT_ESCOLA_PRIVADA_SIND|ID_MANT_ESCOLA_PRIVADA_SIST_S|ID_MANT_ESCOLA_PRIVADA_S_FINS|ID_DOCUMENTO_REGULAMENTACAO|ID_LOCALIZACAO_DIFERENCIADA|ID_EDUCACAO_INDIGENA
2014|34607994|110482096607|6|8|1995|18|19|260|0|0|0|0|2|5|1|76|31|3162450|31|3162450|2|3|0||0|0|0|0|0|0|0|0|0|0|0|0|0|0|0|0|0|0|0|0|0|0|0|0|0|0|0|0|0|0|0|0|0|0|0||1|27|4|1444433||0|0|31338770|31|3162450|5|2|2||||0|0|0|0|0|1|2|1
2014|34608000|112444408844|2|11|1991|22|23|260|0|0|0|0|2|5|1|76|31|3132107|31|3162450|2|3|0||0|0|0|0|0|0|0|0|0|0|0|0|0|0|0|0|0|0|0|0|0|0|0|0|0|0|0|0|0|0|0|0|0|0|0||1|27|4|1444433||0|0|31338770|31|3162450|5|2|2||||0|0|0|0|0|1|2|1
2014|34608005|118132524836|24|1|1988|26|26|260|0|0|0|0|2|5|1|76|31|3132107|31|3162450|2|3|0||0|0|0|0|0|0|0|0|0|0|0|0|0|0|0|0|0|0|0|0|0|0|0|0|0|0|0|0|0|0|0|0|0|0|0||1|27|4|1444433||0|0|31338770|31|3162450|5|2|2||||0|0|0|0|0|1|2|1
2014|34607743|121145015661|8|9|1997|16|17|260|0|0|0|0|2|5|1|76|31|3139300|31|3162450|2|3|0||0|0|0|0|0|0|0|0|0|0|0|0|0|0|0|0|0|0|0|0|0|0|0|0|0|0|0|0|0|0|0|0|0|0|0||1|27|4|1444425||0|0|31338745|31|3162450|5|2|2||||0|0|0|0|0|1|2|1
2014|34607744|119701389475|10|11|1976|37|38|260|0|0|0|0|2|5|1|76|31|3142254|31|3162450|2|3|1|2|0|1|0|0|0|0|0|0|0|0|0|0|0|0|0|0|0|0|0|0|0|0|0|0|0|0|0|0|0|0|0|0|0|0|0||1|27|4|1444425||0|0|31338745|31|3162450|5|2|2||||0|0|0|0|0|1|2|1
2014|34607745|113790278709|3|3|1995|19|19|260|0|0|0|0|2|5|1|76|31|3162450|31|3162450|1|3|1|2|0|1|0|0|0|0|0|0|0|0|0|0|0|0|0|0|0|0|0|0|0|0|0|0|0|0|0|0|0|0|0|0|0|0|0||1|27|4|1444425||0|0|31338745|31|3162450|5|2|2||||0|0|0|0|0|1|2|1
2014|34607802|119522184623|14|3|1985|29|29|260|0|0|0|0|2|5|1|76|31|3162450|31|3162450|2|3|1|2|0|1|0|0|0|0|0|0|0|0|0|0|0|0|0|0|0|0|0|0|0|0|0|0|0|0|0|0|0|0|0|0|0|0|0||1|27|4|1444425||0|0|31338745|31|3162450|5|2|2||||0|0|0|0|0|1|2|1
2014|34607995|111765025302|15|1|1997|17|17|260|0|0|0|0|2|5|1|76|31|3139300|31|3162450|2|3|0||0|0|0|0|0|0|0|0|0|0|0|0|0|0|0|0|0|0|0|0|0|0|0|0|0|0|0|0|0|0|0|0|0|0|0||1|27|4|1444433||0|0|31338770|31|3162450|5|2|2||||0|0|0|0|0|1|2|1
2014|34607741|121144855526|6|10|1995|18|19|260|0|0|0|0|1|5|1|76|31|3162450|31|3162450|2|3|0||0|0|0|0|0|0|0|0|0|0|0|0|0|0|0|0|0|0|0|0|0|0|0|0|0|0|0|0|0|0|0|0|0|0|0||1|27|4|1444425||0|0|31338745|31|3162450|5|2|2||||0|0|0|0|0|1|2|1
2014|34607746|114489152794|8|10|1994|19|20|260|0|0|0|0|2|5|1|76|31|3139300|31|3162450|2|3|1|2|0|1|0|0|0|0|0|0|0|0|0|0|0|0|0|0|0|0|0|0|0|0|0|0|0|0|0|0|0|0|0|0|0|0|0||1|27|4|1444425||0|0|31338745|31|3162450|5|2|2||||0|0|0|0|0|1|2|1
2014|34607767|119703137490|4|11|1982|31|32|260|0|0|0|0|2|5|1|76|31|3132107|31|3162450|2|3|1|2|0|1|0|0|0|0|0|0|0|0|0|0|0|0|0|0|0|0|0|0|0|0|0|0|0|0|0|0|0|0|0|0|0|0|0||1|27|4|1444425||0|0|31338745|31|3162450|5|2|2||||0|0|0|0|0|1|2|1
2014|34607740|110016523554|3|5|1997|17|17|260|0|0|0|0|2|5|1|76|31|3162450|31|3162450|2|3|1|2|0|1|0|0|0|0|0|0|0|0|0|0|0|0|0|0|0|0|0|0|0|0|0|0|0|0|0|0|0|0|0|0|0|0|0||1|27|4|1444425||0|0|31338745|31|3162450|5|2|2||||0|0|0|0|0|1|2|1
2014|34607766|119701115774|19|4|1990|24|24|260|0|0|0|0|2|5|1|76|31|3132107|31|3162450|2|3|1|2|0|1|0|0|0|0|0|0|0|0|0|0|0|0|0|0|0|0|0|0|0|0|0|0|0|0|0|0|0|0|0|0|0|0|0||1|27|4|1444425||0|0|31338745|31|3162450|5|2|2||||0|0|0|0|0|1|2|1
2014|34607992|110104922922|4|1|1997|17|17|260|0|0|0|0|2|5|1|76|31|3139300|31|3162450|2|3|0||0|0|0|0|0|0|0|0|0|0|0|0|0|0|0|0|0|0|0|0|0|0|0|0|0|0|0|0|0|0|0|0|0|0|0||1|27|4|1444433||0|0|31338770|31|3162450|5|2|2||||0|0|0|0|0|1|2|1
2014|34607996|113425738541|26|10|1996|17|18|260|0|0|0|0|2|5|1|76|31|3139300|31|3162450|2|3|0||0|0|0|0|0|0|0|0|0|0|0|0|0|0|0|0|0|0|0|0|0|0|0|0|0|0|0|0|0|0|0|0|0|0|0||1|27|4|1444433||0|0|31338770|31|3162450|5|2|2||||0|0|0|0|0|1|2|1
2014|34607997|113803069571|18|8|1996|17|18|260|0|0|0|0|2|5|1|76|31|3162450|31|3162450|2|3|0||0|0|0|0|0|0|0|0|0|0|0|0|0|0|0|0|0|0|0|0|0|0|0|0|0|0|0|0|0|0|0|0|0|0|0||1|27|4|1444433||0|0|31338770|31|3162450|5|2|2||||0|0|0|0|0|1|2|1
2014|34607993|110934623022|25|1|1996|18|18|260|0|0|0|0|2|5|1|76|31|3162450|31|3162450|2|3|0||0|0|0|0|0|0|0|0|0|0|0|0|0|0|0|0|0|0|0|0|0|0|0|0|0|0|0|0|0|0|0|0|0|0|0||1|27|4|1444433||0|0|31338770|31|3162450|5|2|2||||0|0|0|0|0|1|2|1
2014|38347119|121258041315|19|3|1988|26|26|260|0|0|0|0|2|5|1|76|31|3162450|31|3162450|2|3|1|2|0|1|0|0|0|0|0|0|0|0|0|0|0|0|0|0|0|0|0|0|0|0|0|0|0|0|0|0|0|0|0|0|0|0|0||1|27|4|1539894||0|0|31322571|31|3162450|5|2|2||||0|0|0|0|0|1|2|1
2014|38347425|123581204567|26|1|1984|30|30|260|0|0|0|0|1|5|1|76|31|3162450|31|3162450|2|3|1|2|0|1|0|0|0|0|0|0|0|0|0|0|0|0|0|0|0|0|0|0|0|0|0|0|0|0|0|0|0|0|0|0|0|0|0||1|27|4|1539894||0|0|31322571|31|3162450|5|2|2||||0|0|0|0|0|1|2|1
2014|38346941|112280923547|24|2|1998|16|16|260|0|0|0|0|1|5|1|76|31|3162450|31|3162450|2|3|1|2|0|1|0|0|0|0|0|0|0|0|0|0|0|0|0|0|0|0|0|0|0|0|0|0|0|0|0|0|0|0|0|0|0|0|0||1|27|4|1539894||0|0|31322571|31|3162450|5|2|2||||0|0|0|0|0|1|2|1
2014|38346949|112582699615|24|10|1996|17|18|260|0|0|0|0|2|5|1|76|31|3162450|31|3162450|2|3|1|2|0|1|0|0|0|0|0|0|0|0|0|0|0|0|0|0|0|0|0|0|0|0|0|0|0|0|0|0|0|0|0|0|0|0|0||1|27|4|1539894||0|0|31322571|31|3162450|5|2|2||||0|0|0|0|0|1|2|1
2014|38346950|112582709190|28|8|1997|16|17|260|0|0|0|0|1|5|1|76|31|3162450|31|3162450|2|3|1|2|0|1|0|0|0|0|0|0|0|0|0|0|0|0|0|0|0|0|0|0|0|0|0|0|0|0|0|0|0|0|0|0|0|0|0||1|27|4|1539894||0|0|31322571|31|3162450|5|2|2||||0|0|0|0|0|1|2|1
2014|38346955|112884785859|23|8|1996|17|18|260|0|0|0|0|1|5|1|76|35|3512001|31|3162450|2|3|1|2|0|1|0|0|0|0|0|0|0|0|0|0|0|0|0|0|0|0|0|0|0|0|0|0|0|0|0|0|0|0|0|0|0|0|0||1|27|4|1539894||0|0|31322571|31|3162450|5|2|2||||0|0|0|0|0|1|2|1
2014|38346957|113035608791|2|12|1996|17|18|260|0|0|0|0|2|5|1|76|31|3132107|31|3162450|2|3|0||0|0|0|0|0|0|0|0|0|0|0|0|0|0|0|0|0|0|0|0|0|0|0|0|0|0|0|0|0|0|0|0|0|0|0||1|27|4|1539894||0|0|31322571|31|3162450|5|2|2||||0|0|0|0|0|1|2|1
2014|38346979|113790482730|31|3|1996|18|18|260|0|0|0|0|1|5|1|76|31|3162450|31|3162450|2|3|0||0|0|0|0|0|0|0|0|0|0|0|0|0|0|0|0|0|0|0|0|0|0|0|0|0|0|0|0|0|0|0|0|0|0|0||1|27|4|1539894||0|0|31322571|31|3162450|5|2|2||||0|0|0|0|0|1|2|1
2014|38346993|114244325530|25|9|1995|18|19|260|0|0|0|0|1|5|1|76|31|3139300|31|3162450|2|3|1|2|0|1|0|0|0|0|0|0|0|0|0|0|0|0|0|0|0|0|0|0|0|0|0|0|0|0|0|0|0|0|0|0|0|0|0||1|27|4|1539894||0|0|31322571|31|3162450|5|2|2||||0|0|0|0|0|1|2|1
2014|38347001|114489365437|4|12|1995|18|19|260|0|0|0|0|1|5|1|76|31|3162450|31|3162450|2|3|0||0|0|0|0|0|0|0|0|0|0|0|0|0|0|0|0|0|0|0|0|0|0|0|0|0|0|0|0|0|0|0|0|0|0|0||1|27|4|1539894||0|0|31322571|31|3162450|5|2|2||||0|0|0|0|0|1|2|1
2014|38347011|114866561610|13|2|1997|17|17|260|0|0|0|0|1|5|1|76|31|3132107|31|3162450|2|3|1|2|0|1|0|0|0|0|0|0|0|0|0|0|0|0|0|0|0|0|0|0|0|0|0|0|0|0|0|0|0|0|0|0|0|0|0||1|27|4|1539894||0|0|31322571|31|3162450|5|2|2||||0|0|0|0|0|1|2|1
2014|38347261|114413843087|15|10|1993|20|21|260|0|0|0|0|2|5|1|76|31|3162450|31|3162450|2|3|0||0|0|0|0|0|0|0|0|0|0|0|0|0|0|0|0|0|0|0|0|0|0|0|0|0|0|0|0|0|0|0|0|0|0|0||1|27|4|1539894||0|0|31322571|31|3162450|5|2|2||||0|0|0|0|0|1|2|1
2014|38346884|110016776258|25|5|1994|20|20|260|0|0|0|0|2|5|1|76|31|3132107|31|3162450|2|3|1|2|0|1|0|0|0|0|0|0|0|0|0|0|0|0|0|0|0|0|0|0|0|0|0|0|0|0|0|0|0|0|0|0|0|0|0||1|27|4|1539894||0|0|31322571|31|3162450|5|2|2||||0|0|0|0|0|1|2|1
2014|38346887|110092230201|1|11|1995|18|19|260|0|0|0|0|2|5|1|76|31|3132107|31|3162450|2|3|1|2|0|1|0|0|0|0|0|0|0|0|0|0|0|0|0|0|0|0|0|0|0|0|0|0|0|0|0|0|0|0|0|0|0|0|0||1|27|4|1539894||0|0|31322571|31|3162450|5|2|2||||0|0|0|0|0|1|2|1
2014|38346891|119149313516|6|5|1994|20|20|260|0|0|0|0|2|5|1|76|31|3132107|31|3162450|2|3|1|2|0|0|1|0|0|0|0|0|0|1|0|0|0|0|0|0|0|0|0|0|0|0|0|0|0|0|0|0|0|0|0|0|0|0|0||1|27|4|1539894||0|0|31322571|31|3162450|5|2|2||||0|0|0|0|0|1|2|1
2014|38346902|110997313721|5|5|1993|21|21|260|0|0|0|0|2|5|1|76|31|3132107|31|3162450|2|3|1|2|0|1|0|0|0|0|0|0|0|0|0|0|0|0|0|0|0|0|0|0|0|0|0|0|0|0|0|0|0|0|0|0|0|0|0||1|27|4|1539894||0|0|31322571|31|3162450|5|2|2||||0|0|0|0|0|1|2|1
2014|38346905|111072870222|5|6|1994|19|20|260|0|0|0|0|1|5|1|76|35|3512001|31|3162450|2|3|1|2|0|0|1|0|0|0|0|0|0|0|0|0|0|0|0|0|0|0|0|0|0|0|0|0|0|0|0|0|0|0|0|0|0|0|0||1|27|4|1539894||0|0|31322571|31|3162450|5|2|2||||0|0|0|0|0|1|2|1
2014|38346906|111072871628|30|1|1997|17|17|260|0|0|0|0|2|5|1|76|31|3162450|31|3162450|2|3|0||0|0|0|0|0|0|0|0|0|0|0|0|0|0|0|0|0|0|0|0|0|0|0|0|0|0|0|0|0|0|0|0|0|0|0||1|27|4|1539894||0|0|31322571|31|3162450|5|2|2||||0|0|0|0|0|1|2|1
2014|38346910|111148487270|24|10|1993|20|21|260|0|0|0|0|2|5|1|76|31|3132107|31|3162450|2|3|1|2|0|1|0|0|0|0|0|0|0|0|0|0|0|0|0|0|0|0|0|0|0|0|0|0|0|0|0|0|0|0|0|0|0|0|0||1|27|4|1539894||0|0|31322571|31|3162450|5|2|2||||0|0|0|0|0|1|2|1
2014|38347488|125190231126|14|11|1995|18|19|260|0|0|0|0|2|5|1|76|31|3132107|31|3162450|2|3|0||0|0|0|0|0|0|0|0|0|0|0|0|0|0|0|0|0|0|0|0|0|0|0|0|0|0|0|0|0|0|0|0|0|0|0||1|27|4|1539894||0|0|31322571|31|3162450|5|2|2||||0|0|0|0|0|1|2|1
2014|66447398|111991645340|26|11|1991|22|23|260|0|0|0|0|2|5|1|76|31|3162450|31|3162450|2|3|1|2|0|1|0|0|0|0|0|0|0|0|0|0|0|0|0|0|0|0|0|0|0|0|0|0|0|0|0|0|0|0|0|0|0|0|0||1|27|4|2077536||0|0|31269875|31|3162450|5|2|2||||0|0|0|0|0|1|2|1
2014|66446735|110051548649|31|12|1986|27|28|260|0|0|0|0|2|5|1|76|31|3132107|31|3162450|2|3|1|2|0|0|1|0|0|0|0|0|0|0|0|0|0|0|0|0|0|0|0|0|0|0|0|0|0|0|0|0|0|0|0|0|0|0|0||1|27|4|2077536||0|0|31269875|31|3162450|5|2|2||||0|0|0|0|0|1|2|1
2014|66446746|110331163003|26|3|1992|22|22|260|0|0|0|0|2|5|1|76|31|3162450|31|3162450|2|3|1|2|0|1|0|0|0|0|0|0|0|0|0|0|0|0|0|0|0|0|0|0|0|0|0|0|0|0|0|0|0|0|0|0|0|0|0||1|27|4|2077537||0|0|31269875|31|3162450|5|2|2||||0|0|0|0|0|1|2|1
2014|66447374|119263231140|18|7|1982|31|32|260|0|0|0|0|1|5|1|76|31|3132107|31|3162450|2|3|1|2|0|1|0|0|0|0|0|0|0|0|0|0|0|0|0|0|0|0|0|0|0|0|0|0|0|0|0|0|0|0|0|0|0|0|0||1|27|4|2077537||0|0|31269875|31|3162450|5|2|2||||0|0|0|0|0|1|2|1
2014|66446767|110708352692|20|9|1992|21|22|260|0|0|0|0|2|5|1|76|31|3162450|31|3162450|2|3|1|2|0|1|0|0|0|0|0|0|0|0|0|0|0|0|0|0|0|0|0|0|0|0|0|0|0|0|0|0|0|0|0|0|0|0|0||1|27|4|2077536||0|0|31269875|31|3162450|5|2|2||||0|0|0|0|0|1|2|1
2014|66446800|111485183986|13|3|1975|39|39|260|0|0|0|0|2|5|1|76|31|3132107|31|3162450|2|3|1|2|0|1|0|0|0|0|0|0|0|0|0|0|0|0|0|0|0|0|0|0|0|0|0|0|0|0|0|0|0|0|0|0|0|0|0||1|27|4|2077536||0|0|31269875|31|3162450|5|2|2||||0|0|0|0|0|1|2|1
2014|66446806|111689554320|7|6|1995|18|19|260|0|0|0|0|1|5|1|76|31|3132107|31|3162450|2|3|1|2|0|1|0|0|0|0|0|0|0|0|0|0|0|0|0|0|0|0|0|0|0|0|0|0|0|0|0|0|0|0|0|0|0|0|0||1|27|4|2077536||0|0|31269875|31|3162450|5|2|2||||0|0|0|0|0|1|2|1
2014|66446808|111765027194|1|8|1995|18|19|260|0|0|0|0|1|5|1|76|31|3162450|31|3162450|2|3|1|2|0|1|0|0|0|0|0|0|0|0|0|0|0|0|0|0|0|0|0|0|0|0|0|0|0|0|0|0|0|0|0|0|0|0|0||1|27|4|2077536||0|0|31269875|31|3162450|5|2|2||||0|0|0|0|0|1|2|1
2014|66446809|111765033240|4|2|1997|17|17|260|0|0|0|0|2|5|1|76|31|3132107|31|3162450|2|3|1|2|0|1|0|0|0|0|0|0|0|0|0|0|0|0|0|0|0|0|0|0|0|0|0|0|0|0|0|0|0|0|0|0|0|0|0||1|27|4|2077536||0|0|31269875|31|3162450|5|2|2||||0|0|0|0|0|1|2|1
2014|66446816|111916195759|6|3|1994|20|20|260|0|0|0|0|2|5|1|76|31|3132107|31|3162450|2|3|1|2|0|1|0|0|0|0|0|0|0|0|0|0|0|0|0|0|0|0|0|0|0|0|0|0|0|0|0|0|0|0|0|0|0|0|0||1|27|4|2077537||0|0|31269875|31|3162450|5|2|2||||0|0|0|0|0|1|2|1
2014|66446823|112013855043|27|9|1993|20|21|260|0|0|0|0|2|5|1|76|31|3132107|31|3162450|2|3|1|2|0|1|0|0|0|0|0|0|0|0|0|0|0|0|0|0|0|0|0|0|0|0|0|0|0|0|0|0|0|0|0|0|0|0|0||1|27|4|2077536||0|0|31269875|31|3162450|5|2|2||||0|0|0|0|0|1|2|1
2014|66446741|110180344985|26|3|1996|18|18|260|0|0|0|0|2|5|1|76|31|3162450|31|3162450|2|3|1|2|0|1|0|0|0|0|0|0|0|0|0|0|0|0|0|0|0|0|0|0|0|0|0|0|0|0|0|0|0|0|0|0|0|0|0||1|27|4|2077536||0|0|31269875|31|3162450|5|2|2||||0|0|0|0|0|1|2|1
2014|66446765|110708328120|20|3|1995|19|19|260|0|0|0|0|2|5|1|76|31|3162450|31|3162450|2|3|1|2|0|1|0|0|0|0|0|0|0|0|0|0|0|0|0|0|0|0|0|0|0|0|0|0|0|0|0|0|0|0|0|0|0|0|0||1|27|4|2077536||0|0|31269875|31|3162450|5|2|2||||0|0|0|0|0|1|2|1
2014|66446785|111161135110|22|6|1997|16|17|260|0|0|0|0|2|5|1|76|35|3539509|31|3162450|2|3|1|2|0|1|0|0|0|0|0|0|0|0|0|0|0|0|0|0|0|0|0|0|0|0|0|0|0|0|0|0|0|0|0|0|0|0|0||1|27|4|2077536||0|0|31269875|31|3162450|5|2|2||||0|0|0|0|0|1|2|1
2014|66447140|120327300492|10|1|1995|19|19|260|0|0|0|0|2|5|1|76|31|3162450|31|3162450|2|3|1|2|0|1|0|0|0|0|0|0|0|0|0|0|0|0|0|0|0|0|0|0|0|0|0|0|0|0|0|0|0|0|0|0|0|0|0||1|27|4|2077537||0|0|31269875|31|3162450|5|2|2||||0|0|0|0|0|1|2|1
2014|66447034|111161164307|8|9|1994|19|20|260|0|0|0|0|1|5|1|76|31|3162450|31|3162450|2|3|1|2|0|1|0|0|0|0|0|0|0|0|0|0|0|0|0|0|0|0|0|0|0|0|0|0|0|0|0|0|0|0|0|0|0|0|0||1|27|4|2077536||0|0|31269875|31|3162450|5|2|2||||0|0|0|0|0|1|2|1
2014|66447042|122030607788|7|4|1983|31|31|260|0|0|0|0|2|5|1|76|31|3132107|31|3162450|2|3|1|2|0|1|0|0|0|0|0|0|0|0|0|0|0|0|0|0|0|0|0|0|0|0|0|0|0|0|0|0|0|0|0|0|0|0|0||1|27|4|2077536||0|0|31269875|31|3162450|5|2|2||||0|0|0|0|0|1|2|1
2014|66446833|112293594431|2|6|1996|17|18|260|0|0|0|0|2|5|1|76|31|3139300|31|3162450|2|3|1|2|0|1|0|0|0|0|0|0|0|0|0|0|0|0|0|0|0|0|0|0|0|0|0|0|0|0|0|0|0|0|0|0|0|0|0||1|27|4|2077537||0|0|31269875|31|3162450|5|2|2||||0|0|0|0|0|1|2|1
2014|66446840|112466468033|30|1|1993|21|21|260|0|0|0|0|2|5|1|76|31|3162450|31|3162450|2|3|1|2|0|1|0|0|0|0|0|0|0|0|0|0|0|0|0|0|0|0|0|0|0|0|0|0|0|0|0|0|0|0|0|0|0|0|0||1|27|4|2077536||0|0|31269875|31|3162450|5|2|2||||0|0|0|0|0|1|2|1
2014|66446842|112595439510|4|11|1992|21|22|260|0|0|0|0|2|5|1|76|31|3132107|31|3162450|2|3|1|2|0|1|0|0|0|0|0|0|0|0|0|0|0|0|0|0|0|0|0|0|0|0|0|0|0|0|0|0|0|0|0|0|0|0|0||1|27|4|2077537||0|0|31269875|31|3162450|5|2|2||||0|0|0|0|0|1|2|1
2014|66446855|112822007208|24|8|1996|17|18|260|0|0|0|0|2|5|1|76|31|3162450|31|3162450|2|3|1|2|0|1|0|0|0|0|0|0|0|0|0|0|0|0|0|0|0|0|0|0|0|0|0|0|0|0|0|0|0|0|0|0|0|0|0||1|27|4|2077537||0|0|31269875|31|3162450|5|2|2||||0|0|0|0|0|1|2|1
2014|66446856|112822030293|28|7|1995|18|19|260|0|0|0|0|2|5|1|76|31|3162450|31|3162450|2|3|1|2|0|1|0|0|0|0|0|0|0|0|0|0|0|0|0|0|0|0|0|0|0|0|0|0|0|0|0|0|0|0|0|0|0|0|0||1|27|4|2077536||0|0|31269875|31|3162450|5|2|2||||0|0|0|0|0|1|2|1
2014|66446864|112972865536|18|8|1992|21|22|260|0|0|0|0|2|5|1|76|31|3162450|31|3162450|2|3|1|2|0|1|0|0|0|0|0|0|0|0|0|0|0|0|0|0|0|0|0|0|0|0|0|0|0|0|0|0|0|0|0|0|0|0|0||1|27|4|2077537||0|0|31269875|31|3162450|5|2|2||||0|0|0|0|0|1|2|1
2014|66446871|113199412652|28|9|1996|17|18|260|0|0|0|0|1|5|1|76|31|3162450|31|3162450|2|3|1|2|0|1|0|0|0|0|0|0|0|0|0|0|0|0|0|0|0|0|0|0|0|0|0|0|0|0|0|0|0|0|0|0|0|0|0||1|27|4|2077536||0|0|31269875|31|3162450|5|2|2||||0|0|0|0|0|1|2|1
2014|66446899|114141509549|16|9|1996|17|18|260|0|0|0|0|1|5|1|76|31|3162450|31|3162450|2|3|1|2|0|1|0|0|0|0|0|0|0|0|0|0|0|0|0|0|0|0|0|0|0|0|0|0|0|0|0|0|0|0|0|0|0|0|0||1|27|4|2077537||0|0|31269875|31|3162450|5|2|2||||0|0|0|0|0|1|2|1
2014|66446901|114178391126|14|11|1995|18|19|260|0|0|0|0|2|5|1|76|31|3132107|31|3162450|2|3|1|2|0|1|0|0|0|0|0|0|0|0|0|0|0|0|0|0|0|0|0|0|0|0|0|0|0|0|0|0|0|0|0|0|0|0|0||1|27|4|2077537||0|0|31269875|31|3162450|5|2|2||||0|0|0|0|0|1|2|1
2014|66446903|114351029675|4|8|1995|18|19|260|0|0|0|0|1|5|1|76|31|3132107|31|3162450|2|3|1|2|0|1|0|0|0|0|0|0|0|0|0|0|0|0|0|0|0|0|0|0|0|0|0|0|0|0|0|0|0|0|0|0|0|0|0||1|27|4|2077537||0|0|31269875|31|3162450|5|2|2||||0|0|0|0|0|1|2|1
2014|66446904|114351054009|19|8|1994|19|20|260|0|0|0|0|2|5|1|76|31|3132107|31|3162450|2|3|1|2|0|1|0|0|0|0|0|0|0|0|0|0|0|0|0|0|0|0|0|0|0|0|0|0|0|0|0|0|0|0|0|0|0|0|0||1|27|4|2077536||0|0|31269875|31|3162450|5|2|2||||0|0|0|0|0|1|2|1
2014|66446908|114502000956|18|9|1996|17|18|260|0|0|0|0|2|5|1|76|31|3162450|31|3162450|2|3|1|2|0|1|0|0|0|0|0|0|0|0|0|0|0|0|0|0|0|0|0|0|0|0|0|0|0|0|0|0|0|0|0|0|0|0|0||1|27|4|2077537||0|0|31269875|31|3162450|5|2|2||||0|0|0|0|0|1|2|1
2014|66446910|114577469307|17|8|1994|19|20|260|0|0|0|0|1|5|1|76|31|3162450|31|3162450|2|3|1|2|0|1|0|0|0|0|0|0|0|0|0|0|0|0|0|0|0|0|0|0|0|0|0|0|0|0|0|0|0|0|0|0|0|0|0||1|27|4|2077537||0|0|31269875|31|3162450|5|2|2||||0|0|0|0|0|1|2|1
2014|66446918|114652927133|24|6|1993|20|21|260|0|0|0|0|2|5|1|76|31|3132107|31|3162450|2|3|1|2|0|1|0|0|0|0|0|0|0|0|0|0|0|0|0|0|0|0|0|0|0|0|0|0|0|0|0|0|0|0|0|0|0|0|0||1|27|4|2077536||0|0|31269875|31|3162450|5|2|2||||0|0|0|0|0|1|2|1
2014|66446926|115809213536|6|12|1997|16|17|260|0|0|0|0|1|5|1|76|31|3162450|31|3162450|2|3|1|2|0|1|0|0|0|0|0|0|0|0|0|0|0|0|0|0|0|0|0|0|0|0|0|0|0|0|0|0|0|0|0|0|0|0|0||1|27|4|2077537||0|0|31269875|31|3162450|5|2|2||||0|0|0|0|0|1|2|1
2014|66446937|118036207736|10|10|1981|32|33|260|0|0|0|0|2|5|1|76|31|3162450|31|3162450|2|3|1|2|0|1|0|0|0|0|0|0|0|0|0|0|0|0|0|0|0|0|0|0|0|0|0|0|0|0|0|0|0|0|0|0|0|0|0||1|27|4|2077536||0|0|31269875|31|3162450|5|2|2||||0|0|0|0|0|1|2|1
2014|83440334|111978969880|15|5|1997|17|17|260|0|0|0|0|2|5|1|76|31|3162450|31|3162450|2|3|0||0|0|0|0|0|0|0|0|0|0|0|0|0|0|0|0|0|0|0|0|0|0|0|0|0|0|0|0|0|0|0|0|0|0|0||1|27|4|2481535||0|0|31319058|31|3162450|5|2|2||||0|0|0|0|0|1|2|1
2014|83440335|114791195719|9|10|1995|18|19|260|0|0|0|0|2|5|1|76|31|3132107|31|3162450|2|3|0||0|0|0|0|0|0|0|0|0|0|0|0|0|0|0|0|0|0|0|0|0|0|0|0|0|0|0|0|0|0|0|0|0|0|0||1|27|4|2481535||0|0|31319058|31|3162450|5|2|2||||0|0|0|0|0|1|2|1
2014|83440336|111330226932|31|5|1997|17|17|260|0|0|0|0|2|5|1|76|31|3162450|31|3162450|2|3|0||0|0|0|0|0|0|0|0|0|0|0|0|0|0|0|0|0|0|0|0|0|0|0|0|0|0|0|0|0|0|0|0|0|0|0||1|27|4|2481535||0|0|31319058|31|3162450|5|2|2||||0|0|0|0|0|1|2|1
2014|83440337|120150122496|26|1|1996|18|18|260|0|0|0|0|1|5|1|76|31|3139300|31|3162450|2|3|0||0|0|0|0|0|0|0|0|0|0|0|0|0|0|0|0|0|0|0|0|0|0|0|0|0|0|0|0|0|0|0|0|0|0|0||1|27|4|2481535||0|0|31319058|31|3162450|5|2|2||||0|0|0|0|0|1|2|1
2014|83440338|114791197096|18|7|1997|16|17|260|0|0|0|0|1|5|1|76|31|3162450|31|3162450|2|3|0||0|0|0|0|0|0|0|0|0|0|0|0|0|0|0|0|0|0|0|0|0|0|0|0|0|0|0|0|0|0|0|0|0|0|0||1|27|4|2481535||0|0|31319058|31|3162450|5|2|2||||0|0|0|0|0|1|2|1
2014|83440185|111450503607|3|5|1997|17|17|260|0|0|0|0|2|5|1|76|31|3162450|31|3162450|2|3|0||0|0|0|0|0|0|0|0|0|0|0|0|0|0|0|0|0|0|0|0|0|0|0|0|0|0|0|0|0|0|0|0|0|0|0||1|27|4|2481535||0|0|31319058|31|3162450|5|2|2||||0|0|0|0|0|1|2|1
2014|83440187|112280906294|15|12|1995|18|19|260|0|0|0|0|1|5|1|76|31|3132701|31|3162450|2|3|0||0|0|0|0|0|0|0|0|0|0|0|0|0|0|0|0|0|0|0|0|0|0|0|0|0|0|0|0|0|0|0|0|0|0|0||1|27|4|2481535||0|0|31319058|31|3162450|5|2|2||||0|0|0|0|0|1|2|1
2014|83440198|113639451227|4|5|1998|16|16|260|0|0|0|0|1|5|1|76|31|3162450|31|3162450|2|3|0||0|0|0|0|0|0|0|0|0|0|0|0|0|0|0|0|0|0|0|0|0|0|0|0|0|0|0|0|0|0|0|0|0|0|0||1|27|4|2481535||0|0|31319058|31|3162450|5|2|2||||0|0|0|0|0|1|2|1
2014|83440200|114413826158|27|10|1996|17|18|260|0|0|0|0|2|5|1|76|31|3132107|31|3162450|2|3|0||0|0|0|0|0|0|0|0|0|0|0|0|0|0|0|0|0|0|0|0|0|0|0|0|0|0|0|0|0|0|0|0|0|0|0||1|27|4|2481535||0|0|31319058|31|3162450|5|2|2||||0|0|0|0|0|1|2|1
2014|83440202|114564792619|30|10|1997|16|17|260|0|0|0|0|2|5|1|76|31|3162450|31|3162450|2|3|0||0|0|0|0|0|0|0|0|0|0|0|0|0|0|0|0|0|0|0|0|0|0|0|0|0|0|0|0|0|0|0|0|0|0|0||1|27|4|2481535||0|0|31319058|31|3162450|5|2|2||||0|0|0|0|0|1|2|1
2014|83440203|114712512333|11|10|1996|17|18|260|0|0|0|0|2|0|1|76|31|3139300|31|3162450|2|3|0||0|0|0|0|0|0|0|0|0|0|0|0|0|0|0|0|0|0|0|0|0|0|0|0|0|0|0|0|0|0|0|0|0|0|0||1|27|4|2481535||0|0|31319058|31|3162450|5|2|2||||0|0|0|0|0|1|2|1
2014|83440204|114788002751|25|12|1987|26|27|260|0|0|0|0|1|5|1|76|31|3132107|31|3162450|2|3|0||0|0|0|0|0|0|0|0|0|0|0|0|0|0|0|0|0|0|0|0|0|0|0|0|0|0|0|0|0|0|0|0|0|0|0||1|27|4|2481535||0|0|31319058|31|3162450|5|2|2||||0|0|0|0|0|1|2|1
2014|83440329|113035595878|21|6|1997|16|17|260|0|0|0|0|1|5|1|76|31|3139300|31|3162450|2|3|0||0|0|0|0|0|0|0|0|0|0|0|0|0|0|0|0|0|0|0|0|0|0|0|0|0|0|0|0|0|0|0|0|0|0|0||1|27|4|2481535||0|0|31319058|31|3162450|5|2|2||||0|0|0|0|0|1|2|1
2014|83440330|112582692017|22|11|1996|17|18|260|0|0|0|0|1|5|1|76|31|3132107|31|3162450|2|3|0||0|0|0|0|0|0|0|0|0|0|0|0|0|0|0|0|0|0|0|0|0|0|0|0|0|0|0|0|0|0|0|0|0|0|0||1|27|4|2481535||0|0|31319058|31|3162450|5|2|2||||0|0|0|0|0|1|2|1
2014|83440331|113111145564|5|3|1997|17|17|260|0|0|0|0|2|0|1|76|31|3132107|31|3162450|2|3|0||0|0|0|0|0|0|0|0|0|0|0|0|0|0|0|0|0|0|0|0|0|0|0|0|0|0|0|0|0|0|0|0|0|0|0||1|27|4|2481535||0|0|31319058|31|3162450|5|2|2||||0|0|0|0|0|1|2|1
2014|83440332|111827900899|1|1|1994|20|20|260|0|0|0|0|1|5|1|76|31|3139300|31|3162450|2|3|0||0|0|0|0|0|0|0|0|0|0|0|0|0|0|0|0|0|0|0|0|0|0|0|0|0|0|0|0|0|0|0|0|0|0|0||1|27|4|2481535||0|0|31319058|31|3162450|5|2|2||||0|0|0|0|0|1|2|1
2014|83440333|110167684190|29|10|1996|17|18|260|0|0|0|0|2|5|1|76|31|3162450|31|3162450|2|3|0||0|0|0|0|0|0|0|0|0|0|0|0|0|0|0|0|0|0|0|0|0|0|0|0|0|0|0|0|0|0|0|0|0|0|0||1|27|4|2481535||0|0|31319058|31|3162450|5|2|2||||0|0|0|0|0|1|2|1
2014|83440431|126143465354|24|10|1987|26|27|260|0|0|0|0|1|5|1|76|31|3162450|31|3162450|2|3|0||0|0|0|0|0|0|0|0|0|0|0|0|0|0|0|0|0|0|0|0|0|0|0|0|0|0|0|0|0|0|0|0|0|0|0||1|27|4|2481535||0|0|31319058|31|3162450|5|2|2||||0|0|0|0|0|1|2|1
2014|86463545|111765050250|4|1|1997|17|17|260|0|0|0|0|2|5|1|76|31|3139300|31|3162450|2|3|1|2|0|0|1|0|0|0|0|0|0|0|0|0|0|0|0|0|0|0|0|0|0|0|0|0|0|0|0|0|0|0|0|0|0|0|0||1|27|4|2615527||0|0|31338753|31|3162450|5|2|2||||0|0|0|0|0|1|2|1
2014|86463752|124309980766|7|9|1996|17|18|260|0|0|0|0|2|5|1|76|31|3132107|31|3162450|2|3|1|2|0|0|1|0|0|0|0|0|0|0|0|0|0|0|0|0|0|0|0|0|0|0|0|0|0|0|0|0|0|0|0|0|0|0|0||1|27|4|2615527||0|0|31338753|31|3162450|5|2|2||||0|0|0|0|0|1|2|1
2014|86463431|112972843486|27|1|1995|19|19|260|0|0|0|0|2|5|1|76|31|3162450|31|3162450|2|3|1|2|0|0|1|0|0|0|0|0|0|0|0|0|0|0|0|0|0|0|0|0|0|0|0|0|0|0|0|0|0|0|0|0|0|0|0||1|27|4|2615527||0|0|31338753|31|3162450|5|2|2||||0|0|0|0|0|1|2|1
2014|86463560|122825596492|26|3|1981|33|33|260|0|0|0|0|2|5|1|76|31|3162450|31|3162450|2|3|1|2|0|0|1|0|0|0|0|0|0|0|0|0|0|0|0|0|0|0|0|0|0|0|0|0|0|0|0|0|0|0|0|0|0|0|0||1|27|4|2615527||0|0|31338753|31|3162450|5|2|2||||0|0|0|0|0|1|2|1
2014|86463585|126168274927|8|5|1997|17|17|260|0|0|0|0|1|5|1|76|31|3162450|31|3162450|2|3|1|2|0|0|1|0|0|0|0|0|0|0|0|0|0|0|0|0|0|0|0|0|0|0|0|0|0|0|0|0|0|0|0|0|0|0|0||1|27|4|2615527||0|0|31338753|31|3162450|5|2|2||||0|0|0|0|0|1|2|1
2014|86463541|118286376373|11|9|1994|19|20|260|0|0|0|0|2|5|1|76|31|3139300|31|3162450|2|3|1|2|0|0|1|0|0|0|0|0|0|0|0|0|0|0|0|0|0|0|0|0|0|0|0|0|0|0|0|0|0|0|0|0|0|0|0||1|27|4|2615527||0|0|31338753|31|3162450|5|2|2||||0|0|0|0|0|1|2|1
2014|86463542|112315668769|22|11|1994|19|20|260|0|0|0|0|1|5|1|76|31|3132107|31|3162450|2|3|1|2|0|0|1|0|0|0|0|0|0|0|0|0|0|0|0|0|0|0|0|0|0|0|0|0|0|0|0|0|0|0|0|0|0|0|0||1|27|4|2615527||0|0|31338753|31|3162450|5|2|2||||0|0|0|0|0|1|2|1
2014|86463543|112089321104|29|9|1995|18|19|260|0|0|0|0|2|5|1|76|31|3132107|31|3162450|2|3|1|2|0|0|1|0|0|0|0|0|0|0|0|0|0|0|0|0|0|0|0|0|0|0|0|0|0|0|0|0|0|0|0|0|0|0|0||1|27|4|2615527||0|0|31338753|31|3162450|5|2|2||||0|0|0|0|0|1|2|1
2014|86463544|110881315060|2|7|1995|18|19|260|0|0|0|0|1|5|1|76|31|3132107|31|3162450|2|3|1|2|0|0|1|0|0|0|0|0|0|0|0|0|0|0|0|0|0|0|0|0|0|0|0|0|0|0|0|0|0|0|0|0|0|0|0||1|27|4|2615527||0|0|31338753|31|3162450|5|2|2||||0|0|0|0|0|1|2|1
2014|86463548|112897417195|15|11|1995|18|19|260|0|0|0|0|2|0|1|76|31|3132107|31|3162450|2|3|1|2|0|0|1|0|0|0|0|0|0|0|0|0|0|0|0|0|0|0|0|0|0|0|0|0|0|0|0|0|0|0|0|0|0|0|0||1|27|4|2615527||0|0|31338753|31|3162450|5|2|2||||0|0|0|0|0|1|2|1
2014|86463549|114141527792|18|3|1997|17|17|260|0|0|0|0|2|5|1|76|31|3139300|31|3162450|2|3|1|2|0|0|1|0|0|0|0|0|0|0|0|0|0|0|0|0|0|0|0|0|0|0|0|0|0|0|0|0|0|0|0|0|0|0|0||1|27|4|2615527||0|0|31338753|31|3162450|5|2|2||||0|0|0|0|0|1|2|1
2014|86463551|122157807704|25|9|1986|27|28|260|0|0|0|0|2|5|1|76|31|3132107|31|3162450|2|3|1|2|0|0|1|0|0|0|0|0|0|0|0|0|0|0|0|0|0|0|0|0|0|0|0|0|0|0|0|0|0|0|0|0|0|0|0||1|27|4|2615527||0|0|31338753|31|3162450|5|2|2||||0|0|0|0|0|1|2|1
2014|86463552|113199412229|14|3|1996|18|18|260|0|0|0|0|2|5|1|76|31|3162450|31|3162450|2|3|1|2|0|0|1|0|0|0|0|0|0|0|0|0|0|0|0|0|0|0|0|0|0|0|0|0|0|0|0|0|0|0|0|0|0|0|0||1|27|4|2615527||0|0|31338753|31|3162450|5|2|2||||0|0|0|0|0|1|2|1
2014|86463610|122157762344|12|1|1983|31|31|260|0|0|0|0|2|5|1|76|31|3162450|31|3162450|2|3|1|2|0|0|1|0|0|0|0|0|0|0|0|0|0|0|0|0|0|0|0|0|0|0|0|0|0|0|0|0|0|0|0|0|0|0|0||1|27|4|2615527||0|0|31338753|31|3162450|5|2|2||||0|0|0|0|0|1|2|1
2014|86463611|126168275141|9|11|1986|27|28|260|0|0|0|0|2|5|1|76|31|3162450|31|3162450|2|3|1|2|0|0|1|0|0|0|0|0|0|0|0|0|0|0|0|0|0|0|0|0|0|0|0|0|0|0|0|0|0|0|0|0|0|0|0||1|27|4|2615527||0|0|31338753|31|3162450|5|2|2||||0|0|0|0|0|1|2|1
2014|87296597|113035413435|9|9|1991|22|23|260|0|0|0|0|1|5|1|76|31|3132107|31|3162450|2|3|1|2|0|1|0|0|0|0|0|0|0|0|0|0|0|0|0|0|0|0|0|0|0|0|0|0|0|0|0|0|0|0|0|0|0|0|0||1|27|4|2644752||0|0|31297518|31|3162450|5|2|2||||0|0|0|0|0|1|2|1
2014|87296709|124309954765|2|9|1997|16|17|260|0|0|0|0|2|5|1|76|31|3139300|31|3162450|2|3|1|2|0|1|0|0|0|0|0|0|0|0|0|0|0|0|0|0|0|0|0|0|0|0|0|0|0|0|0|0|0|0|0|0|0|0|0||1|27|4|2644752||0|0|31297518|31|3162450|5|2|2||||0|0|0|0|0|1|2|1
2014|87296740|114640082133|18|1|1996|18|18|260|0|0|0|0|1|5|1|76|31|3162450|31|3162450|2|3|0||0|0|0|0|0|0|0|0|0|0|0|0|0|0|0|0|0|0|0|0|0|0|0|0|0|0|0|0|0|0|0|0|0|0|0||1|27|4|2644752||0|0|31297518|31|3162450|5|2|2||||0|0|0|0|0|1|2|1
2014|87296596|113488256854|1|1|1998|16|16|260|0|0|0|0|2|5|1|76|31|3139300|31|3162450|2|3|1|2|0|1|0|0|0|0|0|0|0|0|0|0|0|0|0|0|0|0|0|0|0|0|0|0|0|0|0|0|0|0|0|0|0|0|0||1|27|4|2644752||0|0|31297518|31|3162450|5|2|2||||0|0|0|0|0|1|2|1
2014|87296644|111903340895|23|9|1996|17|18|260|0|0|0|0|2|5|1|76|31|3162450|31|3162450|2|3|1|2|0|1|0|0|0|0|0|0|0|0|0|0|0|0|0|0|0|0|0|0|0|0|0|0|0|0|0|0|0|0|0|0|0|0|0||1|27|4|2644752||0|0|31297518|31|3162450|5|2|2||||0|0|0|0|0|1|2|1
2014|87296666|114489153251|8|5|1993|21|21|260|0|0|0|0|2|5|1|76|31|3162450|31|3162450|2|3|1|2|0|1|0|0|0|0|0|0|0|0|0|0|0|0|0|0|0|0|0|0|0|0|0|0|0|0|0|0|0|0|0|0|0|0|0||1|27|4|2644752||0|0|31297518|31|3162450|5|2|2||||0|0|0|0|0|1|2|1
2014|87296681|122780249810|8|5|1990|24|24|260|0|0|0|0|2|5|1|76|31|3162450|31|3162450|2|3|1|2|0|1|0|0|0|0|0|0|0|0|0|0|0|0|0|0|0|0|0|0|0|0|0|0|0|0|0|0|0|0|0|0|0|0|0||1|27|4|2644752||0|0|31297518|31|3162450|5|2|2||||0|0|0|0|0|1|2|1
