NU_ANO_CENSO|ID_MATRICULA|CO_PESSOA_FISICA|NU_DIA|NU_MES|NU_ANO|NU_IDADE_REFERENCIA|NU_IDADE|NU_DURACAO_TURMA|NU_DUR_ATIV_COMP_MESMA_REDE|NU_DUR_ATIV_COMP_OUTRAS_REDES|NU_DUR_AEE_MESMA_REDE|NU_DUR_AEE_OUTRAS_REDES|NU_DIAS_ATIVIDADE|TP_SEXO|TP_COR_RACA|TP_NACIONALIDADE|CO_PAIS_ORIGEM|CO_UF_NASC|CO_MUNICIPIO_NASC|CO_UF_END|CO_MUNICIPIO_END|TP_ZONA_RESIDENCIAL|TP_OUTRO_LOCAL_AULA|IN_TRANSPORTE_PUBLICO|TP_RESPONSAVEL_TRANSPORTE|IN_TRANSP_VANS_KOMBI|IN_TRANSP_MICRO_ONIBUS|IN_TRANSP_ONIBUS|IN_TRANSP_BICICLETA|IN_TRANSP_TR_ANIMAL|IN_TRANSP_OUTRO_VEICULO|IN_TRANSP_EMBAR_ATE5|IN_TRANSP_EMBAR_5A15|IN_TRANSP_EMBAR_15A35|IN_TRANSP_EMBAR_35|IN_TRANSP_TREM_METRO|IN_NECESSIDADE_ESPECIAL|IN_CEGUEIRA|IN_BAIXA_VISAO|IN_SURDEZ|IN_DEF_AUDITIVA|IN_SURDOCEGUEIRA|IN_DEF_FISICA|IN_DEF_INTELECTUAL|IN_DEF_MULTIPLA|IN_AUTISMO|IN_SINDROME_ASPERGER|IN_SINDROME_RETT|IN_TRANSTORNO_DI|IN_SUPERDOTACAO|IN_RECURSO_LEDOR|IN_RECURSO_TRANSCRICAO|IN_RECURSO_INTERPRETE|IN_RECURSO_LIBRAS|IN_RECURSO_LABIAL|IN_RECURSO_BRAILLE|IN_RECURSO_AMPLIADA_16|IN_RECURSO_AMPLIADA_20|IN_RECURSO_AMPLIADA_24|IN_RECURSO_NENHUM|TP_INGRESSO_FEDERAIS|TP_MEDIACAO_DIDATICO_PEDAGO|IN_ESPECIAL_EXCLUSIVA|IN_REGULAR|IN_EJA|IN_PROFISSIONALIZANTE|TP_ETAPA_ENSINO|ID_TURMA|CO_CURSO_EDUC_PROFISSIONAL|TP_UNIFICADA|TP_TIPO_TURMA|CO_ENTIDADE|CO_REGIAO|CO_MESORREGIAO|CO_MICRORREGIAO|CO_UF|CO_MUNICIPIO|CO_DISTRITO|TP_DEPENDENCIA|TP_LOCALIZACAO|TP_CATEGORIA_ESCOLA_PRIVADA|IN_CONVENIADA_PP|TP_CONVENIO_PODER_PUBLICO|IN_MANT_ESCOLA_PRIVADA_EMP|IN_MANT_ESCOLA_PRIVADA_ONG|IN_MANT_ESCOLA_PRIVADA_SIND|IN_MANT_ESCOLA_PRIVADA_SIST_S|IN_MANT_ESCOLA_PRIVADA_S_FINS|TP_REGULAMENTACAO|TP_LOCALIZACAO_DIFERENCIADA|IN_EDUCACAO_INDIGENA
2017|249845174|175327034100|19|3|2000|17|17|260|0|0|0|0|5|1|5|1|76|31|3162450|31|3162450|2|3|0|||||||||||||0|||||||||||||||||||||||||1|0|1|0|0|26|10365475||0|0|31338753|3|3102|31003|31|3162450|316245005|2|2|||||||||1|2|1
2017|249845167|175327033472|2|6|1994|22|23|260|0|0|0|0|5|2|5|1|76|31|3162450|31|3162450|2|3|0|||||||||||||0|||||||||||||||||||||||||1|0|1|0|0|26|10365475||0|0|31338753|3|3102|31003|31|3162450|316245005|2|2|||||||||1|2|1
2017|249845097|175327029017|26|12|1996|20|21|260|0|0|0|0|5|1|5|1|76|31|3162450|31|3162450|2|3|1|2|0|1|0|0|0|0|0|1|0|0|0|0|||||||||||||||||||||||||1|0|1|0|0|26|10365475||0|0|31338753|3|3102|31003|31|3162450|316245005|2|2|||||||||1|2|1
2017|249845111|144864071992|5|8|1989|27|28|260|0|0|0|0|5|1|5|1|76|31|3162450|31|3162450|2|3|1|2|0|1|0|0|0|0|0|1|0|0|0|0|||||||||||||||||||||||||1|0|1|0|0|26|10365475||0|0|31338753|3|3102|31003|31|3162450|316245005|2|2|||||||||1|2|1
2017|249845105|144864071305|18|7|1991|25|26|260|0|0|0|0|5|2|5|1|76|31|3162450|31|3162450|2|3|0|||||||||||||0|||||||||||||||||||||||||1|0|1|0|0|26|10365475||0|0|31338753|3|3102|31003|31|3162450|316245005|2|2|||||||||1|2|1
2017|249844922|118321157989|23|5|1999|18|18|260|0|0|0|0|5|1|5|1|76|31|3162450|31|3162450|2|3|0|||||||||||||0|||||||||||||||||||||||||1|0|1|0|0|26|10365475||0|0|31338753|3|3102|31003|31|3162450|316245005|2|2|||||||||1|2|1
2017|249844947|124309979830|9|11|1991|25|26|260|0|0|0|0|5|2|5|1|76|31|3162450|31|3162450|2|3|1|2|0|0|1|0|0|0|0|0|0|1|0|0|||||||||||||||||||||||||1|0|1|0|0|26|10365475||0|0|31338753|3|3102|31003|31|3162450|316245005|2|2|||||||||1|2|1
2017|249844928|112746491884|16|12|1996|20|21|260|0|0|0|0|5|2|5|1|76|31|3162450|31|3162450|2|3|1|2|0|0|1|0|0|0|0|0|0|1|0|0|||||||||||||||||||||||||1|0|1|0|0|26|10365475||0|0|31338753|3|3102|31003|31|3162450|316245005|2|2|||||||||1|2|1
2017|249844919|119598193640|30|5|1999|18|18|260|0|0|0|0|5|1|5|1|76|31|3162450|31|3162450|2|3|0|||||||||||||0|||||||||||||||||||||||||1|0|1|0|0|26|10365475||0|0|31338753|3|3102|31003|31|3162450|316245005|2|2|||||||||1|2|1
2017|249844944|119632876732|7|1|2000|17|17|260|0|0|0|0|5|2|5|1|76|31|3162450|31|3162450|2|3|1|2|0|1|0|0|0|0|0|0|0|0|0|0|||||||||||||||||||||||||1|0|1|0|0|26|10365475||0|0|31338753|3|3102|31003|31|3162450|316245005|2|2|||||||||1|2|1
2017|249844917|118319334038|3|11|1998|18|19|260|0|0|0|0|5|2|5|1|76|31|3162450|31|3162450|2|3|0|||||||||||||0|||||||||||||||||||||||||1|0|1|0|0|26|10365475||0|0|31338753|3|3102|31003|31|3162450|316245005|2|2|||||||||1|2|1
2017|249844924|118322328248|10|5|2001|16|16|260|0|0|0|0|5|2|5|1|76|31|3162450|31|3162450|2|3|1|2|0|0|1|0|0|0|0|0|0|1|0|0|||||||||||||||||||||||||1|0|1|0|0|26|10365475||0|0|31338753|3|3102|31003|31|3162450|316245005|2|2|||||||||1|2|1
2017|249844945|112595436766|6|8|1995|21|22|260|0|0|0|0|5|2|5|1|76|31|3162450|31|3162450|2|3|1|2|0|0|1|0|0|0|0|0|0|1|0|0|||||||||||||||||||||||||1|0|1|0|0|26|10365475||0|0|31338753|3|3102|31003|31|3162450|316245005|2|2|||||||||1|2|1
2017|249844955|114728404373|10|7|1996|20|21|260|0|0|0|0|5|1|5|1|76|31|3162450|31|3162450|2|3|1|2|0|1|0|0|0|0|0|1|0|0|0|0|||||||||||||||||||||||||1|0|1|0|0|26|10365475||0|0|31338753|3|3102|31003|31|3162450|316245005|2|2|||||||||1|2|1
2017|249844916|119615753962|11|3|1999|18|18|260|0|0|0|0|5|2|5|1|76|31|3139300|31|3135209|2|3|1|2|0|1|0|0|0|0|0|0|0|0|0|0|||||||||||||||||||||||||1|0|1|0|0|26|10365475||0|0|31338753|3|3102|31003|31|3162450|316245005|2|2|||||||||1|2|1
2017|249844914|119617190450|24|4|1997|20|20|260|0|0|0|0|5|1|5|1|76|31|3162450|31|3162450|2|3|0|||||||||||||0|||||||||||||||||||||||||1|0|1|0|0|26|10365475||0|0|31338753|3|3102|31003|31|3162450|316245005|2|2|||||||||1|2|1
2017|249844918|118320968070|16|8|1998|18|19|260|0|0|0|0|5|1|5|1|76|31|3162450|31|3162450|2|3|0|||||||||||||0|||||||||||||||||||||||||1|0|1|0|0|26|10365475||0|0|31338753|3|3102|31003|31|3162450|316245005|2|2|||||||||1|2|1
2017|249841803|111107726106|25|6|2000|16|17|260|0|0|0|0|5|2|5|1|76|31|3139300|31|3162450|2|3|0|||||||||||||0|||||||||||||||||||||||||1|0|1|0|0|26|10365333||0|0|31338770|3|3102|31003|31|3162450|316245005|2|2|||||||||1|2|1
2017|249841805|112617565091|19|1|2001|16|16|260|0|0|0|0|5|2|5|1|76|31|3139300|31|3162450|2|3|0|||||||||||||0|||||||||||||||||||||||||1|0|1|0|0|26|10365333||0|0|31338770|3|3102|31003|31|3162450|316245005|2|2|||||||||1|2|1
2017|249841808|114009269471|14|9|2000|16|17|260|0|0|0|0|5|2|5|1|76|31|3139300|31|3162450|2|3|0|||||||||||||0|||||||||||||||||||||||||1|0|1|0|0|26|10365333||0|0|31338770|3|3102|31003|31|3162450|316245005|2|2|||||||||1|2|1
2017|249841802|113652185381|28|8|1999|17|18|260|0|0|0|0|5|1|5|1|76|31|3162450|31|3162450|2|3|0|||||||||||||0|||||||||||||||||||||||||1|0|1|0|0|26|10365333||0|0|31338770|3|3102|31003|31|3162450|316245005|2|2|||||||||1|2|1
2017|249841804|111765051907|8|5|2000|17|17|260|0|0|0|0|5|2|5|1|76|31|3139300|31|3162450|2|3|0|||||||||||||0|||||||||||||||||||||||||1|0|1|0|0|26|10365333||0|0|31338770|3|3102|31003|31|3162450|316245005|2|2|||||||||1|2|1
2017|249841740|114954594625|23|6|1999|17|18|260|0|0|0|0|5|1|5|1|76|31|3139300|31|3162450|2|3|1|2|0|1|0|0|0|0|0|0|0|0|0|0|||||||||||||||||||||||||1|0|1|0|0|26|10365333||0|0|31338770|3|3102|31003|31|3162450|316245005|2|2|||||||||1|2|1
2017|249841835|114652902815|20|9|1992|24|25|260|0|0|0|0|5|2|5|1|76|31|3162450|31|3162450|2|3|0|||||||||||||0|||||||||||||||||||||||||1|0|1|0|0|26|10365333||0|0|31338770|3|3102|31003|31|3162450|316245005|2|2|||||||||1|2|1
2017|249841807|112844045528|14|1|2001|16|16|260|0|0|0|0|5|2|5|1|76|31|3139300|31|3162450|2|3|0|||||||||||||0|||||||||||||||||||||||||1|0|1|0|0|26|10365333||0|0|31338770|3|3102|31003|31|3162450|316245005|2|2|||||||||1|2|1
2017|249830011|110654947340|10|9|1997|19|20|260|0|0|0|0|5|1|5|1|76|31|3162450|31|3162450|2|3|1|2|0|0|1|0|0|0|0|0|0|0|0|0|||||||||||||||||||||||||1|0|1|0|0|26|10364957||0|0|31356786|3|3102|31003|31|3162450|316245005|2|2|||||||||1|2|1
2017|249830033|118289905318|5|8|1999|17|18|260|0|0|0|0|5|1|5|1|76|31|3162450|31|3162450|2|3|1|2|0|1|0|0|0|0|0|0|0|0|0|0|||||||||||||||||||||||||1|0|1|0|0|26|10364957||0|0|31356786|3|3102|31003|31|3162450|316245005|2|2|||||||||1|2|1
2017|249830027|118222697098|3|8|2000|16|17|260|0|0|0|0|5|2|5|1|76|31|3162450|31|3162450|2|3|1|2|0|1|0|0|0|0|0|0|0|0|0|0|||||||||||||||||||||||||1|0|1|0|0|26|10364957||0|0|31356786|3|3102|31003|31|3162450|316245005|2|2|||||||||1|2|1
2017|249830035|118306998307|2|5|1999|18|18|260|0|0|0|0|5|2|5|1|76|31|3162450|31|3162450|2|3|1|2|0|1|0|0|0|0|0|0|0|0|0|0|||||||||||||||||||||||||1|0|1|0|0|26|10364957||0|0|31356786|3|3102|31003|31|3162450|316245005|2|2|||||||||1|2|1
2017|249830018|112746519991|16|4|1998|19|19|260|0|0|0|0|5|1|5|1|76|31|3162450|31|3162450|2|3|1|2|0|0|1|0|0|0|0|0|0|0|0|0|||||||||||||||||||||||||1|0|1|0|0|26|10364957||0|0|31356786|3|3102|31003|31|3162450|316245005|2|2|||||||||1|2|1
2017|249830021|113447795149|26|5|1999|18|18|260|0|0|0|0|5|2|0|1|76|31|3162450|31|3162450|2|3|1|2|0|0|1|0|0|0|0|0|0|0|0|0|||||||||||||||||||||||||1|0|1|0|0|26|10364957||0|0|31356786|3|3102|31003|31|3162450|316245005|2|2|||||||||1|2|1
2017|249830032|118289783530|5|8|2000|16|17|260|0|0|0|0|5|1|5|1|76|31|3162450|31|3162450|2|3|1|2|0|0|1|0|0|0|0|0|0|0|0|0|||||||||||||||||||||||||1|0|1|0|0|26|10364957||0|0|31356786|3|3102|31003|31|3162450|316245005|2|2|||||||||1|2|1
2017|249830024|118164967318|24|11|2000|16|17|260|0|0|0|0|5|1|5|1|76|31|3132107|31|3162450|2|3|1|2|0|1|0|0|0|0|0|0|0|0|0|0|||||||||||||||||||||||||1|0|1|0|0|26|10364957||0|0|31356786|3|3102|31003|31|3162450|316245005|2|2|||||||||1|2|1
2017|258875859|112293618985|10|6|1998|18|19|260|0|0|0|0|5|1|5|1|76|31|3162450|31|3162450|2|3|1|2|0|1|0|0|0|0|0|0|0|0|0|0|||||||||||||||||||||||||1|0|1|0|0|26|10759686||0|0|31269875|3|3102|31003|31|3162450|316245005|2|2|||||||||1|2|1
2017|258875910|114803906075|19|8|1995|21|22|260|0|0|0|0|5|1|5|1|76|31|3162450|31|3162450|2|3|0|||||||||||||0|||||||||||||||||||||||||1|0|1|0|0|26|10759686||0|0|31269875|3|3102|31003|31|3162450|316245005|2|2|||||||||1|2|1
2017|258875892|113727672233|1|6|1991|25|26|260|0|0|0|0|5|1|5|1|76|31|3162450|31|3162450|2|3|0|||||||||||||0|||||||||||||||||||||||||1|0|1|0|0|26|10759686||0|0|31269875|3|3102|31003|31|3162450|316245005|2|2|||||||||1|2|1
2017|258875870|112821997220|2|7|1996|20|21|260|0|0|0|0|5|2|5|1|76|31|3132107|31|3162450|2|3|1|2|0|1|0|0|0|0|0|0|0|0|0|0|||||||||||||||||||||||||1|0|1|0|0|26|10759686||0|0|31269875|3|3102|31003|31|3162450|316245005|2|2|||||||||1|2|1
2017|258875920|118003751747|10|11|1998|18|19|260|0|0|0|0|5|1|5|1|76|31|3162450|31|3162450|2|3|1|2|0|1|0|0|0|0|0|0|0|0|0|0|||||||||||||||||||||||||1|0|1|0|0|26|10759686||0|0|31269875|3|3102|31003|31|3162450|316245005|2|2|||||||||1|2|1
2017|258875839|111258786906|2|6|1998|18|19|260|0|0|0|0|5|1|5|1|76|31|3162450|31|3162450|2|3|1|2|0|1|0|0|0|0|0|0|0|0|0|0|||||||||||||||||||||||||1|0|1|0|0|26|10759686||0|0|31269875|3|3102|31003|31|3162450|316245005|2|2|||||||||1|2|1
2017|258875823|110051548568|13|12|1999|17|18|260|0|0|0|0|5|1|5|1|76|31|3162450|31|3162450|2|3|0|||||||||||||0|||||||||||||||||||||||||1|0|1|0|0|26|10759686||0|0|31269875|3|3102|31003|31|3162450|316245005|2|2|||||||||1|2|1
2017|258875831|110730446378|6|2|2000|17|17|260|0|0|0|0|5|1|5|1|76|31|3132107|31|3162450|2|3|1|2|0|1|0|0|0|0|0|0|0|0|0|0|||||||||||||||||||||||||1|0|1|0|0|26|10759686||0|0|31269875|3|3102|31003|31|3162450|316245005|2|2|||||||||1|2|1
2017|258875837|111107672340|20|7|1999|17|18|260|0|0|0|0|5|2|5|1|76|31|3162450|31|3162450|2|3|0|||||||||||||0|||||||||||||||||||||||||1|0|1|0|0|26|10759686||0|0|31269875|3|3102|31003|31|3162450|316245005|2|2|||||||||1|2|1
2017|258876067|111009936220|8|12|1997|19|20|260|0|0|0|0|5|2|5|1|76|31|3139300|31|3162450|2|3|1|2|0|1|0|0|0|0|0|0|0|0|0|0|||||||||||||||||||||||||1|0|1|0|0|26|10759686||0|0|31269875|3|3102|31003|31|3162450|316245005|2|2|||||||||1|2|1
2017|258876868|111525935878|22|4|2000|17|17|260|0|0|0|0|5|1|5|1|76|31|3162450|31|3162450|2|3|1|2|0|0|1|0|0|0|0|0|0|0|0|0|||||||||||||||||||||||||1|0|1|0|0|26|10759754||0|0|31322571|3|3102|31003|31|3162450|316245005|2|2|||||||||1|2|1
2017|258876894|113337600785|19|3|2000|17|17|260|0|0|0|0|5|1|5|1|76|31|3162450|31|3162450|2|3|1|2|0|0|1|0|0|0|0|0|0|0|0|0|||||||||||||||||||||||||1|0|1|0|0|26|10759754||0|0|31322571|3|3102|31003|31|3162450|316245005|2|2|||||||||1|2|1
2017|258876893|113297533721|23|8|2000|16|17|260|0|0|0|0|5|2|5|1|76|31|3132107|31|3162450|2|3|1|2|0|0|1|0|0|0|0|0|0|0|0|0|||||||||||||||||||||||||1|0|1|0|0|26|10759754||0|0|31322571|3|3102|31003|31|3162450|316245005|2|2|||||||||1|2|1
2017|258876856|110394012797|30|7|1994|22|23|260|0|0|0|0|5|2|5|1|76|31|3132107|31|3162450|2|3|1|2|0|0|1|0|0|0|0|0|0|0|0|0|||||||||||||||||||||||||1|0|1|0|0|26|10759754||0|0|31322571|3|3102|31003|31|3162450|316245005|2|2|||||||||1|2|1
2017|258876899|113563921996|12|5|1985|32|32|260|0|0|0|0|5|2|5|1|76|31|3132107|31|3162450|2|3|1|2|0|1|0|0|0|0|0|0|0|0|0|0|||||||||||||||||||||||||1|0|1|0|0|26|10759754||0|0|31322571|3|3102|31003|31|3162450|316245005|2|2|||||||||1|2|1
2017|258876903|113639469002|17|10|1989|27|28|260|0|0|0|0|5|2|5|1|76|31|3162450|31|3162450|2|3|1|2|0|0|1|0|0|0|0|0|0|0|0|0|||||||||||||||||||||||||1|0|1|0|0|26|10759754||0|0|31322571|3|3102|31003|31|3162450|316245005|2|2|||||||||1|2|1
2017|258876913|114118634294|5|11|1999|17|18|260|0|0|0|0|5|2|5|1|76|31|3162450|31|3162450|2|3|1|2|0|0|1|0|0|0|0|0|0|0|0|0|||||||||||||||||||||||||1|0|1|0|0|26|10759754||0|0|31322571|3|3102|31003|31|3162450|316245005|2|2|||||||||1|2|1
2017|258877484|116081403423|11|2|1999|18|18|260|0|0|0|0|5|2|5|1|76|31|3162450|31|3162450|2|3|1|2|0|0|1|0|0|0|0|0|0|0|0|0|||||||||||||||||||||||||1|0|1|0|0|26|10759754||0|0|31322571|3|3102|31003|31|3162450|316245005|2|2|||||||||1|2|1
2017|258876943|118310697766|8|12|2000|16|17|260|0|0|0|0|5|2|5|1|76|31|3162450|31|3162450|2|3|1|2|0|0|1|0|0|0|0|0|0|0|0|0|||||||||||||||||||||||||1|0|1|0|0|26|10759754||0|0|31322571|3|3102|31003|31|3162450|316245005|2|2|||||||||1|2|1
2017|258877007|119024570564|12|3|2000|17|17|260|0|0|0|0|5|2|5|1|76|31|3162450|31|3162450|2|3|1|2|0|0|1|0|0|0|0|0|0|0|0|0|||||||||||||||||||||||||1|0|1|0|0|26|10759754||0|0|31322571|3|3102|31003|31|3162450|316245005|2|2|||||||||1|2|1
2017|258876857|110469404905|16|1|1999|18|18|260|0|0|0|0|5|2|5|1|76|31|3162450|31|3162450|2|3|1|2|0|0|1|0|0|0|0|0|0|0|0|0|||||||||||||||||||||||||1|0|1|0|0|26|10759754||0|0|31322571|3|3102|31003|31|3162450|316245005|2|2|||||||||1|2|1
2017|258876908|113865841936|1|5|1997|20|20|260|0|0|0|0|5|2|5|1|76|35|3534401|31|3162450|2|3|1|2|0|0|1|0|0|0|0|0|0|0|0|0|||||||||||||||||||||||||1|0|1|0|0|26|10759754||0|0|31322571|3|3102|31003|31|3162450|316245005|2|2|||||||||1|2|1
2017|258876866|111259389609|14|8|2000|16|17|260|0|0|0|0|5|1|5|1|76|31|3162450|31|3162450|2|3|1|2|0|0|1|0|0|0|0|0|0|0|0|0|||||||||||||||||||||||||1|0|1|0|0|26|10759754||0|0|31322571|3|3102|31003|31|3162450|316245005|2|2|||||||||1|2|1
2017|258877435|113035610184|11|9|1988|28|29|260|0|0|0|0|5|2|5|1|76|31|3132107|31|3162450|2|3|1|2|0|0|1|0|0|0|0|0|0|0|0|0|||||||||||||||||||||||||1|0|1|0|0|26|10759754||0|0|31322571|3|3102|31003|31|3162450|316245005|2|2|||||||||1|2|1
2017|258877037|119028358918|2|1|2000|17|17|260|0|0|0|0|5|2|5|1|76|31|3139300|31|3162450|2|3|1|2|0|0|1|0|0|0|0|0|0|0|0|0|||||||||||||||||||||||||1|0|1|0|0|26|10759754||0|0|31322571|3|3102|31003|31|3162450|316245005|2|2|||||||||1|2|1
2017|258876732|144871646210|21|8|1992|24|25|260|0|0|0|0|5|2|5|1|76|31|3162450|31|3162450|2|3|1|2|0|1|0|0|0|0|0|0|0|0|0|0|||||||||||||||||||||||||1|0|1|0|0|26|10759685||0|0|31269875|3|3102|31003|31|3162450|316245005|2|2|||||||||1|2|1
2017|258875827|110277734516|16|7|1999|17|18|260|0|0|0|0|5|2|5|1|76|31|3162450|||2|3|1|2|0|1|0|0|0|0|0|0|0|0|0|0|||||||||||||||||||||||||1|0|1|0|0|26|10759685||0|0|31269875|3|3102|31003|31|3162450|316245005|2|2|||||||||1|2|1
2017|258875848|111689556705|23|7|1989|27|28|260|0|0|0|0|5|2|5|1|76|31|3162450|31|3162450|2|3|1|2|0|1|0|0|0|0|0|0|0|0|0|0|||||||||||||||||||||||||1|0|1|0|0|26|10759685||0|0|31269875|3|3102|31003|31|3162450|316245005|2|2|||||||||1|2|1
2017|258875934|118251837676|25|8|2000|16|17|260|0|0|0|0|5|2|5|1|76|31|3132107|31|3162450|2|3|1|2|0|1|0|0|0|0|0|0|0|0|0|0|||||||||||||||||||||||||1|0|1|0|0|26|10759685||0|0|31269875|3|3102|31003|31|3162450|316245005|2|2|||||||||1|2|1
2017|258875857|112129957080|18|7|1991|25|26|260|0|0|0|0|5|2|5|1|76|31|3139300|31|3162450|2|3|1|2|0|0|1|0|0|0|0|0|0|0|0|0|||||||||||||||||||||||||1|0|1|0|0|26|10759685||0|0|31269875|3|3102|31003|31|3162450|316245005|2|2|||||||||1|2|1
2017|258876241|122825471100|17|8|1979|37|38|260|0|0|0|0|5|2|5|1|76|31|3132107|31|3162450|2|3|1|2|0|1|0|0|0|0|0|0|1|0|0|0|||||||||||||||||||||||||1|0|1|0|0|26|10759685||0|0|31269875|3|3102|31003|31|3162450|316245005|2|2|||||||||1|2|1
2017|258875874|112919488308|20|12|2000|16|17|260|0|0|0|0|5|2|5|1|76|31|3132107|31|3162450|2|3|1|2|0|1|0|0|0|0|0|0|0|0|0|0|||||||||||||||||||||||||1|0|1|0|0|26|10759685||0|0|31269875|3|3102|31003|31|3162450|316245005|2|2|||||||||1|2|1
2017|258875890|113598693442|4|9|2000|16|17|260|0|0|0|0|5|1|5|1|76|31|3132107|31|3162450|2|3|0|||||||||||||0|||||||||||||||||||||||||1|0|1|0|0|26|10759685||0|0|31269875|3|3102|31003|31|3162450|316245005|2|2|||||||||1|2|1
2017|258875904|114599560102|11|2|2001|16|16|260|0|0|0|0|5|1|5|1|76|31|3162450|31|3162450|2|3|1|2|0|1|0|0|0|0|0|0|0|0|0|0|||||||||||||||||||||||||1|0|1|0|0|26|10759685||0|0|31269875|3|3102|31003|31|3162450|316245005|2|2|||||||||1|2|1
2017|258875835|111085560278|19|9|1998|18|19|260|0|0|0|0|5|1|5|1|76|31|3162450|31|3162450|2|3|0|||||||||||||1|0|0|0|0|0|0|1|0|0|0|0|0|0||||||||||||1|0|1|0|0|26|10759685||0|0|31269875|3|3102|31003|31|3162450|316245005|2|2|||||||||1|2|1
2017|258875836|111085564265|21|12|1997|19|20|260|0|0|0|0|5|1|5|1|76|31|3162450|31|3162450|2|3|1|2|0|1|0|0|0|0|0|0|1|0|0|0|||||||||||||||||||||||||1|0|1|0|0|26|10759685||0|0|31269875|3|3102|31003|31|3162450|316245005|2|2|||||||||1|2|1
2017|258875847|111636121380|19|11|1998|18|19|260|0|0|0|0|5|2|5|1|76|31|3162450|31|3162450|2|3|1|2|0|1|0|0|0|0|0|0|0|0|0|0|||||||||||||||||||||||||1|0|1|0|0|26|10759685||0|0|31269875|3|3102|31003|31|3162450|316245005|2|2|||||||||1|2|1
2017|258875877|112972860739|12|2|1999|18|18|260|0|0|0|0|5|1|5|1|76|31|3162450|31|3162450|2|3|0|||||||||||||0|||||||||||||||||||||||||1|0|1|0|0|26|10759685||0|0|31269875|3|3102|31003|31|3162450|316245005|2|2|||||||||1|2|1
2017|258875889|113425762760|29|11|1998|18|19|260|0|0|0|0|5|1|5|1|76|31|3139300|31|3162450|2|3|0|||||||||||||0|||||||||||||||||||||||||1|0|1|0|0|26|10759685||0|0|31269875|3|3102|31003|31|3162450|316245005|2|2|||||||||1|2|1
2017|258875842|111409814806|31|3|1997|20|20|260|0|0|0|0|5|1|5|1|76|31|3162450|31|3162450|2|3|1|2|0|1|0|0|0|0|0|0|1|0|0|0|||||||||||||||||||||||||1|0|1|0|0|26|10759685||0|0|31269875|3|3102|31003|31|3162450|316245005|2|2|||||||||1|2|1
2017|258875916|117590596255|3|2|2000|17|17|260|0|0|0|0|5|1|5|1|76|31|3162450|31|3162450|2|3|1|2|0|1|0|0|0|0|0|0|0|0|0|0|||||||||||||||||||||||||1|0|1|0|0|26|10759685||0|0|31269875|3|3102|31003|31|3162450|316245005|2|2|||||||||1|2|1
2017|258875828|110579644846|18|10|1999|17|18|260|0|0|0|0|5|1|5|1|76|31|3162450|31|3162450|2|3|1|2|0|1|0|0|0|0|0|0|1|0|0|0|||||||||||||||||||||||||1|0|1|0|0|26|10759685||0|0|31269875|3|3102|31003|31|3162450|316245005|2|2|||||||||1|2|1
2017|258875880|113048304621|1|9|1998|18|19|260|0|0|0|0|5|2|5|1|76|31|3162450|31|3162450|2|3|1|2|0|1|0|0|0|0|0|0|0|0|0|0|||||||||||||||||||||||||1|0|1|0|0|26|10759685||0|0|31269875|3|3102|31003|31|3162450|316245005|2|2|||||||||1|2|1
2017|258875930|118248431001|28|12|2000|16|17|260|0|0|0|0|5|2|5|1|76|31|3162450|31|3162450|2|3|1|2|0|1|0|0|0|0|0|0|1|0|0|0|||||||||||||||||||||||||1|0|1|0|0|26|10759685||0|0|31269875|3|3102|31003|31|3162450|316245005|2|2|||||||||1|2|1
2017|258876313|111183302265|22|5|1978|39|39|260|0|0|0|0|5|2|5|1|76|31|3162450|31|3162450|2|3|1|2|0|1|0|0|0|0|0|0|1|0|0|0|||||||||||||||||||||||||1|0|1|0|0|26|10759685||0|0|31269875|3|3102|31003|31|3162450|316245005|2|2|||||||||1|2|1
2017|258876073|122030611467|14|12|1992|24|25|260|0|0|0|0|5|2|5|1|76|31|3162450|31|3162450|2|3|1|2|0|1|0|0|0|0|0|0|0|0|0|0|||||||||||||||||||||||||1|0|1|0|0|26|10759685||0|0|31269875|3|3102|31003|31|3162450|316245005|2|2|||||||||1|2|1
2017|258876074|122030611548|11|1|1987|30|30|260|0|0|0|0|5|2|5|1|76|31|3162450|31|3162450|2|3|1|2|0|1|0|0|0|0|0|0|0|0|0|0|||||||||||||||||||||||||1|0|1|0|0|26|10759685||0|0|31269875|3|3102|31003|31|3162450|316245005|2|2|||||||||1|2|1
2017|258875902|114524104614|14|5|1999|18|18|260|0|0|0|0|5|2|5|1|76|31|3162450|31|3162450|2|3|1|2|0|1|0|0|0|0|0|0|0|0|0|0|||||||||||||||||||||||||1|0|1|0|0|26|10759685||0|0|31269875|3|3102|31003|31|3162450|316245005|2|2|||||||||1|2|1
2017|258876155|119515993813|27|7|1999|17|18|260|0|0|0|0|5|1|5|1|76|31|3162450|31|3162450|2|3|1|2|0|1|0|0|0|0|0|0|0|0|0|0|||||||||||||||||||||||||1|0|1|0|0|26|10759685||0|0|31269875|3|3102|31003|31|3162450|316245005|2|2|||||||||1|2|1
2017|258876731|144871646130|16|9|1995|21|22|260|0|0|0|0|5|1|5|1|76|31|3162450|31|3162450|2|3|1|2|0|1|0|0|0|0|0|0|1|0|0|0|||||||||||||||||||||||||1|0|1|0|0|26|10759686||0|0|31269875|3|3102|31003|31|3162450|316245005|2|2|||||||||1|2|1
2017|258876585|144871640875|1|5|1985|32|32|260|0|0|0|0|5|2|5|1|76|31|3162450|31|3162450|2|3|1|2|0|1|0|0|0|0|0|0|0|0|0|0|||||||||||||||||||||||||1|0|1|0|0|26|10759686||0|0|31269875|3|3102|31003|31|3162450|316245005|2|2|||||||||1|2|1
2017|258875939|118256057423|5|6|2001|15|16|260|0|0|0|0|5|1|5|1|76|31|3162450|31|3162450|2|3|1|2|0|1|0|0|0|0|0|0|0|0|0|0|||||||||||||||||||||||||1|0|1|0|0|26|10759686||0|0|31269875|3|3102|31003|31|3162450|316245005|2|2|||||||||1|2|1
2017|258875860|112315694093|18|7|1998|18|19|260|0|0|0|0|5|2|5|1|76|31|3162450|31|3162450|2|3|1|2|0|1|0|0|0|0|0|0|0|0|0|0|||||||||||||||||||||||||1|0|1|0|0|26|10759686||0|0|31269875|3|3102|31003|31|3162450|316245005|2|2|||||||||1|2|1
2017|258875905|114599618704|4|10|1999|17|18|260|0|0|0|0|5|2|5|1|76|31|3162450|31|3162450|2|3|1|2|0|1|0|0|0|0|0|0|0|0|0|0|||||||||||||||||||||||||1|0|1|0|0|26|10759686||0|0|31269875|3|3102|31003|31|3162450|316245005|2|2|||||||||1|2|1
2017|258875938|118256003684|22|2|1999|18|18|260|0|0|0|0|5|1|5|1|76|31|3162450|31|3162450|2|3|1|2|0|1|0|0|0|0|0|0|0|0|0|0|||||||||||||||||||||||||1|0|1|0|0|26|10759686||0|0|31269875|3|3102|31003|31|3162450|316245005|2|2|||||||||1|2|1
2017|258875834|111032140126|6|10|1999|17|18|260|0|0|0|0|5|2|5|1|76|31|3162450|31|3162450|2|3|1|2|0|1|0|0|0|0|0|0|0|0|0|0|||||||||||||||||||||||||1|0|1|0|0|26|10759686||0|0|31269875|3|3102|31003|31|3162450|316245005|2|2|||||||||1|2|1
2017|258876888|112733803556|2|10|1998|18|19|260|0|0|0|0|5|2|5|1|76|31|3162450|31|3162450|2|3|1|2|0|0|1|0|0|0|0|0|0|0|0|0|||||||||||||||||||||||||1|0|1|0|0|26|10759752||0|0|31322571|3|3102|31003|31|3162450|316245005|2|2|||||||||1|2|1
2017|258876922|114715709677|31|12|1998|18|19|260|0|0|0|0|5|1|5|1|76|31|3132107|31|3162450|2|3|1|2|0|0|1|0|0|0|0|0|0|0|0|0|||||||||||||||||||||||||1|0|1|0|0|26|10759752||0|0|31322571|3|3102|31003|31|3162450|316245005|2|2|||||||||1|2|1
2017|258877011|119024514656|9|5|2001|16|16|260|0|0|0|0|5|1|5|1|76|31|3162450|31|3162450|2|3|1|2|0|0|1|0|0|0|0|0|0|0|0|0|||||||||||||||||||||||||1|0|1|0|0|26|10759752||0|0|31322571|3|3102|31003|31|3162450|316245005|2|2|||||||||1|2|1
2017|258877009|118392799827|29|6|2000|16|17|260|0|0|0|0|5|2|5|1|76|31|3132107|31|3162450|2|3|1|2|0|0|1|0|0|0|0|0|0|0|0|0|||||||||||||||||||||||||1|0|1|0|0|26|10759752||0|0|31322571|3|3102|31003|31|3162450|316245005|2|2|||||||||1|2|1
2017|258876878|111978984412|11|12|1999|17|18|260|0|0|0|0|5|1|5|1|76|31|3132107|31|3162450|2|3|1|2|0|0|1|0|0|0|0|0|0|0|0|0|||||||||||||||||||||||||1|0|1|0|0|26|10759752||0|0|31322571|3|3102|31003|31|3162450|316245005|2|2|||||||||1|2|1
2017|258877053|114244228259|2|9|1997|19|20|260|0|0|0|0|5|1|5|1|76|31|3162450|31|3162450|2|3|0|||||||||||||0|||||||||||||||||||||||||1|0|1|0|0|26|10759752||0|0|31322571|3|3102|31003|31|3162450|316245005|2|2|||||||||1|2|1
2017|258877092|112391712935|15|6|2000|16|17|260|0|0|0|0|5|2|5|1|76|31|3162450|31|3162450|2|3|1|2|0|0|1|0|0|0|0|0|0|0|0|0|||||||||||||||||||||||||1|0|1|0|0|26|10759752||0|0|31322571|3|3102|31003|31|3162450|316245005|2|2|||||||||1|2|1
2017|258877313|119147831404|17|10|1991|25|26|260|0|0|0|0|5|2|5|1|76|31|3132107|31|3162450|2|3|1|2|0|0|1|0|0|0|0|0|0|0|0|0|||||||||||||||||||||||||1|0|1|0|0|26|10759752||0|0|31322571|3|3102|31003|31|3162450|316245005|2|2|||||||||1|2|1
2017|258876909|114050664827|24|12|2000|16|17|260|0|0|0|0|5|2|5|1|76|31|3132107|31|3162450|2|3|1|2|0|0|1|0|0|0|0|0|0|0|0|0|||||||||||||||||||||||||1|0|1|0|0|26|10759752||0|0|31322571|3|3102|31003|31|3162450|316245005|2|2|||||||||1|2|1
2017|258876877|111827921705|19|12|1999|17|18|260|0|0|0|0|5|2|5|1|76|31|3162450|31|3162450|2|3|1|2|0|0|1|0|0|0|0|0|0|0|0|0|||||||||||||||||||||||||1|0|1|0|0|26|10759752||0|0|31322571|3|3102|31003|31|3162450|316245005|2|2|||||||||1|2|1
2017|258877094|122030692289|2|7|1998|18|19|260|0|0|0|0|5|1|5|1|76|31|3162450|31|3162450|2|3|1|2|0|0|1|0|0|0|0|0|0|0|0|0|||||||||||||||||||||||||1|0|1|0|0|26|10759752||0|0|31322571|3|3102|31003|31|3162450|316245005|2|2|||||||||1|2|1
2017|258876861|111032741634|15|11|2000|16|17|260|0|0|0|0|5|1|5|1|76|31|3132107|31|3162450|2|3|1|2|0|0|1|0|0|0|0|0|0|0|0|0|||||||||||||||||||||||||1|0|1|0|0|26|10759752||0|0|31322571|3|3102|31003|31|3162450|316245005|2|2|||||||||1|2|1
2017|258877130|119036725894|25|1|1997|20|20|260|0|0|0|0|5|2|5|1|76|31|3162450|31|3162450|2|3|1|2|0|0|1|0|0|0|0|0|0|0|0|0|||||||||||||||||||||||||1|0|1|0|0|26|10759752||0|0|31322571|3|3102|31003|31|3162450|316245005|2|2|||||||||1|2|1
2017|258877044|119036265877|20|10|1992|24|25|260|0|0|0|0|5|2|5|1|76|31|3135209|31|3135209|2|3|1|2|0|0|1|0|0|0|0|0|0|0|0|0|||||||||||||||||||||||||1|0|1|0|0|26|10759752||0|0|31322571|3|3102|31003|31|3162450|316245005|2|2|||||||||1|2|1
2017|258879946|175858486508|11|11|1997|19|20|260|0|0|0|0|5|1|5|1|76|31|3162450|31|3162450|2|3|1|2|0|0|1|0|0|0|0|0|0|1|0|0|||||||||||||||||||||||||1|0|1|0|0|26|10759957||0|0|31361461|3|3102|31003|31|3162450|316245005|2|2|||||||||1|2|1
2017|258879908|175858485951|2|7|1988|28|29|260|0|0|0|0|5|2|5|1|76|31|3162450|31|3162450|2|3|0|||||||||||||0|||||||||||||||||||||||||1|0|1|0|0|26|10759957||0|0|31361461|3|3102|31003|31|3162450|316245005|2|2|||||||||1|2|1
2017|258879907|144899041186|15|3|1983|34|34|260|0|0|0|0|5|1|5|1|76|31|3162450|31|3162450|2|3|1|2|0|0|1|0|0|0|0|0|0|1|0|0|||||||||||||||||||||||||1|0|1|0|0|26|10759957||0|0|31361461|3|3102|31003|31|3162450|316245005|2|2|||||||||1|2|1
2017|258879861|123611885702|12|7|1998|18|19|260|0|0|0|0|5|2|5|1|76|31|3162450|31|3162450|2|3|1|2|0|0|1|0|0|0|0|0|0|1|0|0|||||||||||||||||||||||||1|0|1|0|0|26|10759957||0|0|31361461|3|3102|31003|31|3162450|316245005|2|2|||||||||1|2|1
2017|258879503|116289220607|30|10|1995|21|22|260|0|0|0|0|5|2|5|1|76|31|3139300|31|3162450|2|3|1|2|0|0|1|0|0|0|0|0|0|1|0|0|||||||||||||||||||||||||1|0|1|0|0|26|10759957||0|0|31361461|3|3102|31003|31|3162450|316245005|2|2|||||||||1|2|1
2017|258879118|175858480216|12|11|1985|31|32|310|0|0|0|0|5|2|5|1|76|31|3132107|31|3162450|2|3|0|||||||||||||0|||||||||||||||||||||||||1|0|1|0|0|26|10759920||0|0|31297518|3|3102|31003|31|3162450|316245005|2|2|||||||||1|2|1
2017|258879100|144871656283|19|7|1986|30|31|310|0|0|0|0|5|1|5|1|76|31|3132107|31|3162450|2|3|1|2|0|1|0|0|0|0|0|0|1|0|0|0|||||||||||||||||||||||||1|0|1|0|0|26|10759920||0|0|31297518|3|3102|31003|31|3162450|316245005|2|2|||||||||1|2|1
2017|258879095|144871656011|21|12|1983|33|34|310|0|0|0|0|5|2|5|1|76|31|3162450|31|3162450|2|3|1|2|0|1|0|0|0|0|0|1|0|0|0|0|||||||||||||||||||||||||1|0|1|0|0|26|10759920||0|0|31297518|3|3102|31003|31|3162450|316245005|2|2|||||||||1|2|1
2017|258879092|144871655716|4|1|2000|17|17|310|0|0|0|0|5|2|5|1|76|31|3132107|31|3162450|2|3|1|2|0|1|0|0|0|0|0|0|1|0|0|0|||||||||||||||||||||||||1|0|1|0|0|26|10759920||0|0|31297518|3|3102|31003|31|3162450|316245005|2|2|||||||||1|2|1
2017|258878819|122070016608|18|2|1984|33|33|310|0|0|0|0|5|2|5|1|76|31|3162450|31|3162450|2|3|0|||||||||||||0|||||||||||||||||||||||||1|0|1|0|0|26|10759920||0|0|31297518|3|3102|31003|31|3162450|316245005|2|2|||||||||1|2|1
2017|258878954|123612168761|12|6|1981|35|36|310|0|0|0|0|5|2|5|1|76|31|3162450|31|3162450|2|3|1|2|0|1|0|0|0|0|0|0|1|0|0|0|||||||||||||||||||||||||1|0|1|0|0|26|10759920||0|0|31297518|3|3102|31003|31|3162450|316245005|2|2|||||||||1|2|1
2017|258878808|118287353709|25|3|1999|18|18|310|0|0|0|0|5|2|5|1|76|31|3162450|31|3162450|2|3|1|2|0|1|0|0|0|0|0|0|1|0|0|0|||||||||||||||||||||||||1|0|1|0|0|26|10759920||0|0|31297518|3|3102|31003|31|3162450|316245005|2|2|||||||||1|2|1
2017|258878866|122070018309|10|8|2000|16|17|310|0|0|0|0|5|1|5|1|76|31|3162450|31|3162450|2|3|1|2|0|1|0|0|0|0|0|0|1|0|0|0|||||||||||||||||||||||||1|0|1|0|0|26|10759920||0|0|31297518|3|3102|31003|31|3162450|316245005|2|2|||||||||1|2|1
2017|258878803|113639264460|5|10|1998|18|19|310|0|0|0|0|5|2|5|1|76|31|3162450|31|3162450|2|3|1|2|0|1|0|0|0|0|0|0|0|0|0|0|||||||||||||||||||||||||1|0|1|0|0|26|10759920||0|0|31297518|3|3102|31003|31|3162450|316245005|2|2|||||||||1|2|1
2017|258878802|111903339706|6|10|2000|16|17|310|0|0|0|0|5|2|5|1|76|31|3162450|31|3162450|2|3|1|2|0|0|1|0|0|0|0|0|0|0|0|0|||||||||||||||||||||||||1|0|1|0|0|26|10759920||0|0|31297518|3|3102|31003|31|3162450|316245005|2|2|||||||||1|2|1
2017|258878872|118308133230|17|12|2000|16|17|310|0|0|0|0|5|2|5|1|76|31|3162450|31|3162450|2|3|1|2|0|1|0|0|0|0|0|0|1|0|0|0|||||||||||||||||||||||||1|0|1|0|0|26|10759920||0|0|31297518|3|3102|31003|31|3162450|316245005|2|2|||||||||1|2|1
2017|258878869|118308418820|21|12|2000|16|17|310|0|0|0|0|5|1|5|1|76|31|3162450|31|3162450|2|3|1|2|0|1|0|0|0|0|0|0|1|0|0|0|||||||||||||||||||||||||1|0|1|0|0|26|10759920||0|0|31297518|3|3102|31003|31|3162450|316245005|2|2|||||||||1|2|1
2017|258878804|114941715208|31|5|2000|17|17|310|0|0|0|0|5|2|5|1|76|31|3162450|31|3162450|2|3|1|2|0|1|0|0|0|0|0|0|0|0|0|0|||||||||||||||||||||||||1|0|1|0|0|26|10759920||0|0|31297518|3|3102|31003|31|3162450|316245005|2|2|||||||||1|2|1
2017|258878810|112809146704|10|12|1999|17|18|310|0|0|0|0|5|2|5|1|76|31|3162450|31|3162450|2|3|1|2|0|1|0|0|0|0|0|0|0|0|0|0|||||||||||||||||||||||||1|0|1|0|0|26|10759920||0|0|31297518|3|3102|31003|31|3162450|316245005|2|2|||||||||1|2|1
2017|258879862|128400494490|12|1|2001|16|16|260|0|0|0|0|5|2|5|1|76|31|3162450|31|3162450|2|3|1|2|0|0|1|0|0|0|0|0|0|1|0|0|||||||||||||||||||||||||1|0|1|0|0|26|10759957||0|0|31361461|3|3102|31003|31|3162450|316245005|2|2|||||||||1|2|1
2017|258879755|122158820500|16|2|1997|20|20|260|0|0|0|0|5|1|5|1|76|31|3162450|31|3162450|2|3|1|2|0|0|1|0|0|0|0|0|0|1|0|0|||||||||||||||||||||||||1|0|1|0|0|26|10759957||0|0|31361461|3|3102|31003|31|3162450|316245005|2|2|||||||||1|2|1
2017|258879582|113296902146|31|12|1998|18|19|260|0|0|0|0|5|1|5|1|76|31|3162450|31|3162450|2|3|0|||||||||||||0|||||||||||||||||||||||||1|0|1|0|0|26|10759957||0|0|31361461|3|3102|31003|31|3162450|316245005|2|2|||||||||1|2|1
2017|258879569|118280754503|9|1|1999|18|18|260|0|0|0|0|5|2|5|1|76|31|3162450|31|3162450|2|3|0|||||||||||||0|||||||||||||||||||||||||1|0|1|0|0|26|10759957||0|0|31361461|3|3102|31003|31|3162450|316245005|2|2|||||||||1|2|1
2017|258879571|118306367587|11|3|2001|16|16|260|0|0|0|0|5|2|5|1|76|31|3162450|31|3162450|2|3|0|||||||||||||0|||||||||||||||||||||||||1|0|1|0|0|26|10759957||0|0|31361461|3|3102|31003|31|3162450|316245005|2|2|||||||||1|2|1
2017|258879640|118269870373|7|12|1998|18|19|260|0|0|0|0|5|1|5|1|76|31|3162450|31|3162450|2|3|1|2|0|0|1|0|0|0|0|0|0|1|0|0|||||||||||||||||||||||||1|0|1|0|0|26|10759957||0|0|31361461|3|3102|31003|31|3162450|316245005|2|2|||||||||1|2|1
2017|258879570|118307177668|5|11|1999|17|18|260|0|0|0|0|5|2|5|1|76|31|3162450|31|3162450|2|3|1|2|0|0|1|0|0|0|0|0|0|1|0|0|||||||||||||||||||||||||1|0|1|0|0|26|10759957||0|0|31361461|3|3102|31003|31|3162450|316245005|2|2|||||||||1|2|1
2017|258879612|118233128618|7|11|1997|19|20|260|0|0|0|0|5|2|5|1|76|31|3142254|31|3162450|2|3|1|2|0|0|1|0|0|0|0|0|0|1|0|0|||||||||||||||||||||||||1|0|1|0|0|26|10759957||0|0|31361461|3|3102|31003|31|3162450|316245005|2|2|||||||||1|2|1
2017|258879688|110482092458|11|10|1997|19|20|260|0|0|0|0|5|1|5|1|76|31|3162450|31|3162450|2|3|0|||||||||||||0|||||||||||||||||||||||||1|0|1|0|0|26|10759957||0|0|31361461|3|3102|31003|31|3162450|316245005|2|2|||||||||1|2|1
2017|258879580|118230189128|10|5|2001|16|16|260|0|0|0|0|5|2|5|1|76|31|3162450|31|3162450|2|3|1|2|0|0|1|0|0|0|0|0|0|1|0|0|||||||||||||||||||||||||1|0|1|0|0|26|10759957||0|0|31361461|3|3102|31003|31|3162450|316245005|2|2|||||||||1|2|1
2017|258879906|110124743560|17|2|1992|25|25|260|0|0|0|0|5|1|5|1|76|31|3162450|31|3162450|2|3|1|2|0|0|1|0|0|0|0|0|0|1|0|0|||||||||||||||||||||||||1|0|1|0|0|26|10759957||0|0|31361461|3|3102|31003|31|3162450|316245005|2|2|||||||||1|2|1
2017|258879502|118307657368|17|6|1999|17|18|260|0|0|0|0|5|2|5|1|76|31|3162450|31|3162450|2|3|0|||||||||||||0|||||||||||||||||||||||||1|0|1|0|0|26|10759957||0|0|31361461|3|3102|31003|31|3162450|316245005|2|2|||||||||1|2|1
2017|258879574|118306480472|15|7|2000|16|17|260|0|0|0|0|5|2|5|1|76|31|3139300|31|3162450|2|3|1|2|0|0|1|0|0|0|0|0|0|1|0|0|||||||||||||||||||||||||1|0|1|0|0|26|10759957||0|0|31361461|3|3102|31003|31|3162450|316245005|2|2|||||||||1|2|1
2017|258879614|119936798715|31|5|2000|17|17|260|0|0|0|0|5|2|5|1|76|31|3139300|31|3162450|2|3|1|2|0|0|1|0|0|0|0|0|0|1|0|0|||||||||||||||||||||||||1|0|1|0|0|26|10759957||0|0|31361461|3|3102|31003|31|3162450|316245005|2|2|||||||||1|2|1
2017|258879620|119772341947|7|6|1998|18|19|260|0|0|0|0|5|1|5|1|76|31|3162450|31|3162450|2|3|1|2|0|0|1|0|0|0|0|0|0|1|0|0|||||||||||||||||||||||||1|0|1|0|0|26|10759957||0|0|31361461|3|3102|31003|31|3162450|316245005|2|2|||||||||1|2|1
2017|258880079|116873230544|7|12|2000|16|17|260|0|0|0|0|5|2|5|1|76|31|3139300|31|3162450|2|3|0|||||||||||||0|||||||||||||||||||||||||1|0|1|0|0|26|10760005||0|0|31319058|3|3102|31003|31|3162450|316245005|2|2|||||||||1|2|1
2017|258880085|117040827815|20|10|1999|17|18|260|0|0|0|0|5|2|5|1|76|31|3139300|31|3162450|2|3|1|2|1|0|0|0|0|0|0|0|0|0|0|0|||||||||||||||||||||||||1|0|1|0|0|26|10760005||0|0|31319058|3|3102|31003|31|3162450|316245005|2|2|||||||||1|2|1
2017|258880099|111780923723|28|1|2001|16|16|260|0|0|0|0|5|2|5|1|76|31|3162450|31|3162450|2|3|0|||||||||||||0|||||||||||||||||||||||||1|0|1|0|0|26|10760005||0|0|31319058|3|3102|31003|31|3162450|316245005|2|2|||||||||1|2|1
2017|258880080|113290670022|20|6|2000|16|17|260|0|0|0|0|5|2|5|1|76|31|3139300|31|3162450|2|3|0|||||||||||||0|||||||||||||||||||||||||1|0|1|0|0|26|10760005||0|0|31319058|3|3102|31003|31|3162450|316245005|2|2|||||||||1|2|1
2017|258880095|113743622202|25|7|2000|16|17|260|0|0|0|0|5|2|5|1|76|31|3139300|31|3162450|2|3|0|||||||||||||0|||||||||||||||||||||||||1|0|1|0|0|26|10760005||0|0|31319058|3|3102|31003|31|3162450|316245005|2|2|||||||||1|2|1
2017|258880189|118446295899|23|7|2001|15|16|260|0|0|0|0|5|1|5|1|76|35|3550100|31|3162450|2|3|0|||||||||||||0|||||||||||||||||||||||||1|0|1|0|0|26|10760005||0|0|31319058|3|3102|31003|31|3162450|316245005|2|2|||||||||1|2|1
2017|258880082|113215261994|12|8|2000|16|17|260|0|0|0|0|5|2|5|1|76|31|3132107|31|3162450|2|3|0|||||||||||||0|||||||||||||||||||||||||1|0|1|0|0|26|10760005||0|0|31319058|3|3102|31003|31|3162450|316245005|2|2|||||||||1|2|1
2017|258880231|114637086530|22|7|1997|19|20|260|0|0|0|0|5|1|5|1|76|31|3139300|31|3162450|2|3|1|2|0|0|1|0|0|0|0|0|0|0|0|0|||||||||||||||||||||||||1|0|1|0|0|26|10760005||0|0|31319058|3|3102|31003|31|3162450|316245005|2|2|||||||||1|2|1
2017|258880098|110045374090|27|2|2001|16|16|260|0|0|0|0|5|1|5|1|76|31|3162450|31|3162450|2|3|0|||||||||||||0|||||||||||||||||||||||||1|0|1|0|0|26|10760005||0|0|31319058|3|3102|31003|31|3162450|316245005|2|2|||||||||1|2|1
2017|258880097|113215281162|18|6|2000|16|17|260|0|0|0|0|5|2|5|1|76|31|3139300|31|3162450|2|3|0|||||||||||||0|||||||||||||||||||||||||1|0|1|0|0|26|10760005||0|0|31319058|3|3102|31003|31|3162450|316245005|2|2|||||||||1|2|1
2017|258880111|115966920736|24|3|2001|16|16|260|0|0|0|0|5|2|5|1|76|31|3139300|31|3162450|2|3|0|||||||||||||0|||||||||||||||||||||||||1|0|1|0|0|26|10760005||0|0|31319058|3|3102|31003|31|3162450|316245005|2|2|||||||||1|2|1
2017|258880160|119394750150|12|11|2000|16|17|260|0|0|0|0|5|2|5|1|76|52|5218300|31|3162450|2|3|0|||||||||||||0|||||||||||||||||||||||||1|0|1|0|0|26|10760005||0|0|31319058|3|3102|31003|31|3162450|316245005|2|2|||||||||1|2|1
2017|258880084|111554484307|17|1|2001|16|16|260|0|0|0|0|5|1|5|1|76|31|3139300|31|3162450|2|3|0|||||||||||||0|||||||||||||||||||||||||1|0|1|0|0|26|10760005||0|0|31319058|3|3102|31003|31|3162450|316245005|2|2|||||||||1|2|1
2017|258880083|112460291891|13|2|2001|16|16|260|0|0|0|0|5|2|5|1|76|31|3139300|31|3162450|2|3|0|||||||||||||0|||||||||||||||||||||||||1|0|1|0|0|26|10760005||0|0|31319058|3|3102|31003|31|3162450|316245005|2|2|||||||||1|2|1
2017|258880086|111252573005|25|10|2000|16|17|260|0|0|0|0|5|1|5|1|76|31|3162450|31|3162450|2|3|0|||||||||||||0|||||||||||||||||||||||||1|0|1|0|0|26|10760005||0|0|31319058|3|3102|31003|31|3162450|316245005|2|2|||||||||1|2|1
2017|258880096|112537855549|22|10|1999|17|18|260|0|0|0|0|5|1|5|1|76|31|3132107|31|3162450|2|3|0|||||||||||||0|||||||||||||||||||||||||1|0|1|0|0|26|10760005||0|0|31319058|3|3102|31003|31|3162450|316245005|2|2|||||||||1|2|1
2017|258880035|114293685005|14|8|1999|17|18|260|0|0|0|0|5|2|5|1|76|31|3139300|31|3162450|2|3|0|||||||||||||0|||||||||||||||||||||||||1|0|1|0|0|26|10760005||0|0|31319058|3|3102|31003|31|3162450|316245005|2|2|||||||||1|2|1
2017|258873284|125157233069|4|1|1988|29|29|260|0|0|0|0|5|2|5|1|76|31|3162450|31|3162450|2|3|1|2|0|1|0|0|0|0|0|0|0|0|0|0|||||||||||||||||||||||||1|0|1|0|0|26|10759620||0|0|31338745|3|3102|31003|31|3162450|316245005|2|2|||||||||1|2|1
2017|258873342|125157237056|22|7|1984|32|33|260|0|0|0|0|5|2|5|1|76|31|3162450|31|3162450|2|3|1|2|0|1|0|0|0|0|0|0|0|0|0|0|||||||||||||||||||||||||1|0|1|0|0|26|10759620||0|0|31338745|3|3102|31003|31|3162450|316245005|2|2|||||||||1|2|1
2017|258873183|121978128907|20|10|2000|16|17|260|0|0|0|0|5|1|5|1|76|31|3162450|31|3162450|2|3|1|2|0|1|0|0|0|0|0|0|0|0|0|0|||||||||||||||||||||||||1|0|1|0|0|26|10759620||0|0|31338745|3|3102|31003|31|3162450|316245005|2|2|||||||||1|2|1
2017|258873143|118286965603|9|11|2000|16|17|260|0|0|0|0|5|1|5|1|76|31|3139300|31|3162450|2|3|1|2|0|1|0|0|0|0|0|0|0|0|0|0|||||||||||||||||||||||||1|0|1|0|0|26|10759620||0|0|31338745|3|3102|31003|31|3162450|316245005|2|2|||||||||1|2|1
2017|258873165|121978127188|8|12|2001|15|16|260|0|0|0|0|5|1|5|1|76|31|3162450|31|3162450|2|3|1|2|0|1|0|0|0|0|0|0|0|0|0|0|||||||||||||||||||||||||1|0|1|0|0|26|10759620||0|0|31338745|3|3102|31003|31|3162450|316245005|2|2|||||||||1|2|1
2017|258873214|122823728324|10|9|1992|24|25|260|0|0|0|0|5|2|5|1|76|31|3162450|31|3162450|2|3|1|2|0|1|0|0|0|0|0|0|0|0|0|0|||||||||||||||||||||||||1|0|1|0|0|26|10759620||0|0|31338745|3|3102|31003|31|3162450|316245005|2|2|||||||||1|2|1
2017|258873156|112205206752|8|7|1998|18|19|260|0|0|0|0|5|1|5|1|76|31|3139300|31|3162450|2|3|1|2|0|1|0|0|0|0|0|0|0|0|0|0|||||||||||||||||||||||||1|0|1|0|0|26|10759620||0|0|31338745|3|3102|31003|31|3162450|316245005|2|2|||||||||1|2|1
2017|258873142|118286922637|28|9|2000|16|17|260|0|0|0|0|5|1|5|1|76|31|3162450|31|3162450|2|3|1|2|0|1|0|0|0|0|0|0|0|0|0|0|||||||||||||||||||||||||1|0|1|0|0|26|10759620||0|0|31338745|3|3102|31003|31|3162450|316245005|2|2|||||||||1|2|1
2017|258873204|112844101371|19|9|1999|17|18|260|0|0|0|0|5|2|5|1|76|31|3162450|31|3162450|2|3|1|2|0|1|0|0|0|0|0|1|0|0|0|0|||||||||||||||||||||||||1|0|1|0|0|26|10759620||0|0|31338745|3|3102|31003|31|3162450|316245005|2|2|||||||||1|2|1
2017|258873195|112766138730|15|6|1991|25|26|260|0|0|0|0|5|2|5|1|76|31|3162450|31|3162450|2|3|1|2|0|1|0|0|0|0|0|0|0|0|0|0|||||||||||||||||||||||||1|0|1|0|0|26|10759620||0|0|31338745|3|3102|31003|31|3162450|316245005|2|2|||||||||1|2|1
2017|258873169|121978127501|23|10|1996|20|21|260|0|0|0|0|5|1|5|1|76|31|3139300|31|3162450|2|3|1|2|0|1|0|0|0|0|0|0|0|0|0|0|||||||||||||||||||||||||1|0|1|0|0|26|10759620||0|0|31338745|3|3102|31003|31|3162450|316245005|2|2|||||||||1|2|1
2017|258873162|114338119607|10|4|1999|18|18|260|0|0|0|0|5|2|5|1|76|31|3139300|31|3162450|2|3|1|2|0|1|0|0|0|0|0|0|0|0|0|0|||||||||||||||||||||||||1|0|1|0|0|26|10759620||0|0|31338745|3|3102|31003|31|3162450|316245005|2|2|||||||||1|2|1
2017|258873144|118287007118|8|3|2001|16|16|260|0|0|0|0|5|1|5|1|76|31|3139300|31|3162450|2|3|1|2|0|1|0|0|0|0|0|0|0|0|0|0|||||||||||||||||||||||||1|0|1|0|0|26|10759620||0|0|31338745|3|3102|31003|31|3162450|316245005|2|2|||||||||1|2|1
2017|260217236|121143322508|20|8|1999|17|18|260|0|0|0|0|5|2|5|1|76|31|3162450|31|3162450|2|3|1|2|0|1|0|0|0|0|0|0|0|0|0|0|||||||||||||||||||||||||1|0|1|0|0|26|10759620||0|0|31338745|3|3102|31003|31|3162450|316245005|2|2|||||||||1|2|1
